rs6656401_A,rs429358_C,rs7412_T,rs55636820_A,rs6733839_T,rs35349669_T,rs190982_G,rs17070145_T,rs9271192_C,rs75932628_T,rs3747742_C,rs10948363_G,rs2718058_G,rs1476679_C,rs11771145_A,rs28834970_C,rs9331896_C,rs6265_T,rs10838725_C,rs983392_G,rs10792832_A,rs11218343_C,rs9536314_G,rs9527025_C,rs17125944_C,rs17125721_G,rs10498633_T,rs115550680_G,rs4147929_A,rs145999145_A,rs114282264_C,rs7274581_C,rs4680_G,apoe2cnt,apoe4cnt,APOE_score,rs4680_A_SEE_DATA_DICT,Overall_RiskScore_WO_APOE,BostonNamingTestEstimatedTotalScoreoutof60_int,BostonNamingTestEstimatedTotalScoreoutof60_slope,CategoryFluencyAnimalsRawScore_int,CategoryFluencyAnimalsRawScore_slope,WAISRDigitSymbolTotalRaw_int,WAISRDigitSymbolTotalRaw_slope,WAISRDigitSymbolScaledScore_int,WAISRDigitSymbolScaledScore_slope,WMSRLogicalMemoryIIStoryARawScore_int,WMSRLogicalMemoryIIStoryARawScore_slope,WMSRLogicalMemoryIStoryARawScore_int,WMSRLogicalMemoryIStoryARawScore_slope,MMSETotalScore_int,MMSETotalScore_slope,LetterFluencyCFLTotalRawScore_int,LetterFluencyCFLTotalRawScore_slope,ReyAuditoryVerbalLearningTestRAVLTTrialTrials15Raw_int,ReyAuditoryVerbalLearningTestRAVLTTrialTrials15Raw_slope,TrailMakingTestTrailsAErrors_int,TrailMakingTestTrailsAErrors_slope,TrailMakingTestTrailsATime_int,TrailMakingTestTrailsATime_slope,TrailMakingTestTrailsBErrors_int,TrailMakingTestTrailsBErrors_slope,TrailMakingTestTrailsBTime_int,TrailMakingTestTrailsBTime_slope,age_at_sample,NFL,Ab_142,hTau,Ptau,Neurogranin
1,0.0,0.0,0.0,0.0,1.0,1.0,2.0,0.0,0.0,0.0,1.0,2.0,0.0,2.0,1.0,1.0,0.0,0.0,0.0,1.0,0.0,0.0,0.0,1.0,0.0,0.0,0.0,0.0,0.0,0.0,0.0,1.0,0.0,0.0,0.6952449786,1.0,2.293139772,58.8512917259,0.0115737507755,28.5009375013,-0.0669197296886,93.6651382047,-0.496397923478,9.74774516332,0.0864722634536,10.4257976569,0.0286016227305,12.7494112657,0.00964574422371,29.8835602424,-0.00358845626238,31.9800816479,0.182390727764,56.4504675837,-0.175379812542,0.331146771214,-0.00457073472195,18.2681882596,0.00896654836978,-0.323287929509,0.0222536501003,29.5187027392,0.856335227317,68.08,1881.0,785.33,357.47,71.218,893.0
0,0.0,0.0,0.0,0.0,2.0,0.0,0.0,0.0,0.0,0.0,1.0,1.0,0.0,1.0,1.0,2.0,0.0,1.0,1.0,2.0,0.0,0.0,0.0,0.0,0.0,0.0,0.0,0.0,0.0,0.0,0.0,0.0,0.0,0.0,0.6952449786,2.0,2.005575582,57.2639752804,0.00993591051151,30.2111095675,-0.0677091831409,93.6582854566,-0.496647488934,9.35739541306,0.0839542267522,10.0714944635,0.0234235352153,13.0560873921,0.00964574422371,29.8835630467,-0.00160666130898,33.2471103041,0.191981777416,56.379555364,-0.209462463905,0.381720174911,-0.00457073472195,19.5001281824,0.102171672893,-0.323287929509,0.00687885393087,29.5187027392,0.356317498261,71.52,729.0,660.46,176.41,32.398,125.0
0,1.0,0.0,0.0,1.0,0.0,0.0,0.0,1.0,0.0,0.0,1.0,0.0,0.0,0.0,2.0,1.0,0.0,0.0,1.0,1.0,0.0,0.0,0.0,0.0,0.0,0.0,0.0,1.0,0.0,0.0,0.0,2.0,0.0,1.0,1.9137853432,0.0,2.7809916204,56.5823063348,0.00733873798397,28.9243944541,-0.0751687967555,96.0021922278,-0.49561086053,10.1907319691,0.0831867127152,9.87172454162,0.0147127095429,12.8305993846,0.00964574422371,29.8835673159,0.000873122948136,34.3902000585,0.323794622832,61.6540621296,-0.129298660087,0.283296673807,-0.00457073472195,19.3639768936,0.0980796855607,-0.323287929509,0.00634347966989,29.5187027392,0.387025556072,57.5,760.0,602.03,346.18,53.077,362.0
0,0.0,0.0,0.0,0.0,0.0,0.0,0.0,1.0,0.0,1.0,1.0,0.0,1.0,2.0,1.0,1.0,0.0,0.0,0.0,1.0,0.0,0.0,0.0,1.0,0.0,1.0,0.0,0.0,0.0,0.0,0.0,1.0,0.0,0.0,0.6952449786,1.0,2.1841150273,55.6427812206,0.00973733495744,28.5732145022,-0.073689756601,89.2546474846,-0.519222064808,9.245705609,0.0808480127992,10.1048809892,0.0252667327338,11.6634661556,0.00964574422371,29.8835640072,-0.00339098322091,32.8743749145,0.182049366766,61.9106355654,-0.112521696356,0.311481291814,-0.00457073472195,16.9763424383,0.00361417830262,-0.323287929509,0.0132247974998,29.5187027392,0.285988210099,42.72,365.0,1019.0,313.032,48.002,359.955
2,0.0,0.0,0.0,0.0,2.0,0.0,1.0,0.0,0.0,1.0,1.0,2.0,0.0,0.0,2.0,0.0,0.0,1.0,1.0,2.0,0.0,0.0,0.0,0.0,0.0,0.0,0.0,1.0,0.0,0.0,0.0,1.0,0.0,0.0,0.6952449786,1.0,2.9061121834,58.3110363501,0.0100523706659,28.6568705377,-0.0712917152344,80.8775528288,-0.54734623211,6.26856031374,0.0722389859069,13.6938162799,0.0326505268563,19.0459457589,0.00964574422371,29.8835655899,0.000509551637936,35.9130465857,0.256134150602,58.1742807509,-0.204994721897,0.32648229542,-0.00457073472195,18.321044141,0.0362996470333,-0.323287929509,0.0180153820003,29.5187027392,0.566943739762,64.79,792.0,877.8,480.89,60.402,299.0
0,0.0,0.0,0.0,1.0,0.0,0.0,1.0,1.0,0.0,1.0,1.0,1.0,1.0,2.0,1.0,1.0,0.0,1.0,0.0,1.0,0.0,0.0,0.0,0.0,0.0,0.0,0.0,0.0,0.0,0.0,0.0,1.0,0.0,0.0,0.6952449786,1.0,2.3506386514,55.4445842981,0.0102259712163,23.6321111576,-0.0784386205613,89.2737766525,-0.525824290787,8.31795675135,0.0771184711596,8.84016744283,0.0226678747518,11.5931460005,0.00964574422371,29.8835499569,-0.0145786993282,39.5199310159,0.370814385586,59.8517373876,-0.12783125821,0.285345530112,-0.00457073472195,18.4931388716,0.0533361776468,-0.323287929509,0.00664162233464,29.5187027392,0.494673296382,56.45,809.0,958.32,335.36,55.685,505.0
0,1.0,0.0,0.0,0.0,2.0,0.0,,1.0,0.0,1.0,2.0,1.0,0.0,0.0,1.0,0.0,0.0,0.0,1.0,1.0,1.0,0.0,0.0,0.0,0.0,2.0,0.0,1.0,0.0,0.0,0.0,2.0,0.0,1.0,1.9137853432,0.0,2.3643289178,56.828981604,0.0101505164508,27.5559826613,-0.0762307280625,81.7314265074,-0.543309637618,6.38307235897,0.0711649985485,11.2658655722,0.0259904890581,14.7685195069,0.00964574422371,29.8835524532,-0.0119565029314,32.6775045374,0.171538240429,58.0066223939,-0.177880503648,0.344020552765,-0.00457073472195,19.3050251639,0.100965833867,-0.323287929509,0.0223139984366,29.5187027392,0.80890517702,65.3,660.0,588.27,304.72,44.938,566.0
0,0.0,0.0,0.0,0.0,1.0,1.0,0.0,1.0,0.0,1.0,0.0,1.0,1.0,1.0,1.0,0.0,0.0,0.0,0.0,1.0,0.0,0.0,0.0,0.0,0.0,1.0,0.0,1.0,0.0,0.0,1.0,0.0,0.0,0.0,0.6952449786,2.0,2.1577082168,57.5419630871,0.0113526832048,26.092223165,-0.0824537356607,97.2772424942,-0.499808611305,10.3708995792,0.0857833384251,13.7040476158,0.0363155095172,15.8982262728,0.00964574422371,29.8835600915,-0.00352394976589,31.5962148237,0.166515740704,62.0755332835,-0.0710985397161,0.907836818727,-0.00457073472195,19.9199982033,0.144514330648,-0.323287929509,0.0094764945405,29.5187027392,0.523175197133,68.71,681.0,402.79,352.21,59.156,303.0
0,0.0,1.0,0.0,0.0,0.0,1.0,0.0,0.0,0.0,0.0,0.0,1.0,0.0,1.0,1.0,0.0,0.0,2.0,1.0,2.0,0.0,0.0,0.0,0.0,0.0,0.0,0.0,0.0,0.0,0.0,1.0,2.0,1.0,0.0,0.3208508557,0.0,1.9345460762,58.2937813478,0.00992292883115,28.3103206511,-0.0773926144514,87.0390194133,-0.516355322046,8.3891608655,0.0810973629448,11.9952390176,0.033219441411,15.8959425516,0.00964574422371,29.8835561459,-0.00783836422309,31.0872930548,0.101238875393,57.3588907521,-0.181656480037,0.62219060952,-0.00457073472195,19.1677574822,0.09441107826,-0.323287929509,0.0137149494358,29.5187027392,0.796670320924,69.13,570.0,884.57,394.56,64.998,255.0
2,0.0,0.0,1.0,0.0,1.0,1.0,0.0,2.0,0.0,1.0,0.0,2.0,0.0,2.0,0.0,0.0,0.0,0.0,2.0,0.0,0.0,0.0,0.0,0.0,0.0,0.0,0.0,0.0,0.0,0.0,0.0,2.0,0.0,0.0,0.6952449786,0.0,2.4250895449,58.6901913207,0.011186096408,27.1185177506,-0.0753859939074,85.743344523,-0.531101170877,7.91303991568,0.0759711209859,12.9453917105,0.0350298165208,17.86988579,0.00964574422371,29.8835645689,-0.000431953368602,31.7595047143,0.154435478643,60.3534177073,-0.133458739743,0.346930304689,-0.00457073472195,18.5624519163,0.0487991614965,-0.323287929509,0.00636753530733,29.5187027392,0.485087095571,66.28,1079.0,536.0,578.0,62.0,810.195
0,1.0,0.0,0.0,1.0,1.0,0.0,0.0,0.0,0.0,0.0,0.0,2.0,1.0,1.0,0.0,1.0,0.0,0.0,0.0,0.0,0.0,0.0,0.0,0.0,0.0,0.0,0.0,2.0,0.0,0.0,0.0,1.0,0.0,1.0,1.9137853432,1.0,2.5072340514,57.3614589746,0.0108361150402,25.2939023554,-0.0829871016986,92.5973333961,-0.514705051082,9.12861353707,0.0774465907091,15.8091410329,0.0449987975184,17.5732697572,0.00964574422371,29.8835667999,0.000556595400339,27.9314559531,0.119164754595,62.3278398855,-0.0657242228539,0.292996538351,-0.00457073472195,18.2837294773,0.0558814825217,-0.323287929509,0.0152813966152,29.5187027392,0.564048458937,57.98,612.0,849.52,335.36,51.296,512.0
2,0.0,0.0,1.0,2.0,2.0,2.0,0.0,0.0,0.0,0.0,1.0,1.0,2.0,0.0,0.0,1.0,0.0,1.0,0.0,1.0,0.0,0.0,0.0,0.0,0.0,1.0,0.0,1.0,0.0,0.0,0.0,2.0,0.0,0.0,0.6952449786,0.0,2.8514905033,57.7265651158,0.00986131571418,27.6455640988,-0.0770998150124,91.4531917836,-0.522529492039,8.70821217087,0.0764860732202,14.1771858212,0.0332365065917,16.2922219658,0.00964574422371,29.8835458199,-0.0185557211251,38.8707692314,0.291368488065,59.4200194622,-0.100796849025,0.300883365337,-0.00457073472195,18.0951533856,0.0356777948736,-0.323287929509,0.0105828536122,29.5187027392,0.152788686765,60.78,676.0,510.2,346.69,57.175,400.0
0,0.0,0.0,0.0,0.0,2.0,1.0,0.0,0.0,0.0,1.0,0.0,0.0,1.0,0.0,0.0,2.0,1.0,1.0,0.0,1.0,0.0,2.0,2.0,0.0,0.0,1.0,0.0,1.0,0.0,1.0,0.0,1.0,0.0,0.0,0.6952449786,1.0,2.1160789045,59.3190287003,0.0111809471061,25.9794245317,-0.0774145081247,98.5756281836,-0.486260943266,10.5650762542,0.0862412835038,17.8260867681,0.0475060749365,19.9609895958,0.00964574422371,29.8835575863,-0.00693442821166,43.3798434489,0.329391324579,67.1105625863,0.0034382937568,0.697753018985,-0.00457073472195,18.0262699267,0.0242849414023,-0.323287929509,0.0132452308248,29.5187027392,0.301232519148,54.98,503.0,604.77,201.52,34.264,198.0
1,0.0,0.0,0.0,1.0,1.0,1.0,0.0,1.0,0.0,0.0,0.0,0.0,0.0,2.0,1.0,0.0,1.0,2.0,0.0,0.0,0.0,0.0,0.0,0.0,0.0,1.0,0.0,0.0,0.0,0.0,0.0,2.0,0.0,0.0,0.6952449786,0.0,2.8648499494,56.3330812131,0.0101962758002,22.7789359608,-0.0896829421671,82.0911290231,-0.520598490244,6.62898756515,0.0767729696275,6.40271648105,0.0117836257289,9.55155622166,0.00964574422371,29.8835416885,-0.0270202597692,26.5177311701,0.106319633421,57.2707970748,-0.169183551633,0.318446513233,-0.00457073472195,19.8345549713,0.0921832998672,-0.323287929509,0.0101083064793,29.5187027392,0.595085489835,66.02,750.0,901.87,306.49,50.725,287.0
1,0.0,0.0,0.0,0.0,1.0,0.0,1.0,0.0,0.0,0.0,0.0,0.0,1.0,0.0,0.0,1.0,1.0,1.0,0.0,0.0,0.0,0.0,0.0,0.0,0.0,0.0,0.0,0.0,0.0,0.0,0.0,1.0,0.0,0.0,0.6952449786,1.0,2.5218366888,52.7552980267,0.00734872173744,25.9879191512,-0.0802834958453,96.6934711296,-0.491663186626,10.2488261445,0.0862744006885,7.10905889206,0.0116459640162,7.87700140608,0.00964574422371,29.8835589342,-0.00651316370234,34.3372586834,0.207214471094,58.2756025351,-0.163637397491,0.37692067173,-0.00457073472195,18.6979245395,0.0552660333209,-0.323287929509,0.0070201396876,29.5187027392,0.173140686559,69.06,973.0,786.02,354.84,63.653,464.0
2,0.0,0.0,0.0,0.0,0.0,2.0,0.0,0.0,0.0,2.0,1.0,1.0,0.0,2.0,1.0,2.0,0.0,0.0,2.0,2.0,0.0,0.0,0.0,0.0,0.0,0.0,0.0,0.0,0.0,0.0,0.0,1.0,0.0,0.0,0.6952449786,1.0,1.7498589186,55.9666186797,0.00991465761629,26.1733524413,-0.0829679435016,78.7171714848,-0.561575423148,6.17781477033,0.0701272234827,15.0533334605,0.0402505524637,18.204369345,0.00964574422371,29.8835515844,-0.0150009903287,30.5835669751,0.154332796983,59.2872672391,-0.14047111659,0.706786779144,-0.00457073472195,19.4947453456,0.107782446887,-0.323287929509,0.00684602170506,29.5187027392,0.742493817386,53.92,415.0,749.59,241.02,39.433,238.0
0,2.0,0.0,0.0,1.0,0.0,2.0,0.0,0.0,0.0,1.0,1.0,1.0,0.0,1.0,1.0,1.0,0.0,0.0,0.0,1.0,0.0,0.0,0.0,0.0,0.0,1.0,0.0,0.0,0.0,0.0,0.0,2.0,0.0,2.0,3.2519739872,0.0,2.1295367249,58.870695569,0.0110969453926,24.7325500688,-0.0824083881796,84.8702553139,-0.53753049801,7.34921067714,0.0736532755996,13.3471629761,0.0362970961903,15.4748478638,0.00964574422371,29.8835605486,-0.0047855196456,30.8506713185,0.163047398401,60.1187801926,-0.133694300834,0.346144918593,-0.00457073472195,18.5137107584,0.0568191983915,-0.323287929509,0.0101078401879,29.5187027392,0.480213718584,64.0,457.0,699.0,270.023,43.907,436.712
0,2.0,0.0,0.0,0.0,2.0,2.0,,0.0,0.0,0.0,0.0,0.0,0.0,0.0,2.0,1.0,0.0,1.0,1.0,1.0,0.0,0.0,0.0,0.0,0.0,0.0,0.0,2.0,0.0,0.0,0.0,1.0,0.0,2.0,3.2519739872,1.0,2.6079742467,56.3549139116,0.00970003629732,24.377076997,-0.0843320087036,81.8189816597,-0.552179847028,6.81892761023,0.0700259373274,15.0207551179,0.0409597897387,16.2130360674,0.00964574422371,29.8835654545,0.000520416151859,27.1508879368,0.0463292440936,61.2901090059,-0.117367947127,0.330943668893,-0.00457073472195,18.3799623792,0.0420212598136,-0.323287929509,0.00570158361858,29.5187027392,0.374738279902,66.23,561.0,357.26,559.41,66.142,566.0
0,0.0,1.0,0.0,1.0,2.0,1.0,1.0,0.0,0.0,0.0,0.0,0.0,0.0,1.0,0.0,0.0,0.0,1.0,1.0,1.0,0.0,0.0,0.0,0.0,0.0,1.0,0.0,0.0,0.0,0.0,1.0,0.0,1.0,0.0,0.3208508557,2.0,2.232569877,54.981685297,0.00772769997663,25.5910082953,-0.0840092069876,86.4521374669,-0.526607192132,8.28674544519,0.0803468899079,9.09918212974,0.0213619458637,13.8276172028,0.00964574422371,29.8835602678,-0.00582951623478,30.9408212347,0.100767666029,56.3063367306,-0.212195753545,0.767700943361,-0.00457073472195,19.4158123701,0.0993034250708,-0.323287929509,0.0112514190761,29.5187027392,0.492216098003,69.67,675.0,1006.2,250.76,37.874,188.0
0,0.0,0.0,1.0,1.0,0.0,2.0,2.0,1.0,0.0,1.0,0.0,0.0,1.0,2.0,0.0,0.0,0.0,0.0,0.0,1.0,0.0,0.0,0.0,1.0,0.0,0.0,0.0,0.0,0.0,0.0,0.0,2.0,0.0,0.0,0.6952449786,0.0,2.29233771,56.4376788883,0.00991353030955,33.2561390946,-0.0608598018379,87.1481391255,-0.52962728167,7.98132943793,0.076124266956,12.334245157,0.03185693762,15.544999284,0.00964574422371,29.8835635416,-0.00225203588575,36.4944322634,0.266775956772,67.1503502882,-0.00418912480341,0.350206953473,-0.00457073472195,18.895513085,0.0750502373221,-0.323287929509,0.00784333360831,29.5187027392,0.343515090794,58.69,832.0,845.0,296.0,33.0,229.613
1,0.0,1.0,0.0,0.0,2.0,2.0,0.0,0.0,0.0,0.0,1.0,1.0,0.0,0.0,0.0,1.0,0.0,1.0,1.0,1.0,0.0,0.0,0.0,0.0,0.0,0.0,0.0,1.0,0.0,0.0,0.0,2.0,1.0,0.0,0.3208508557,0.0,2.4658458701,57.3150614692,0.0102446918977,24.6512901546,-0.0847431019466,92.2813124701,-0.509704236666,8.9957642681,0.0811322202638,11.2338833869,0.0269957894473,12.3262376335,0.00964574422371,29.883560605,-0.00473035946383,26.2586719528,0.0498607114599,55.520491431,-0.206655099572,0.573277883894,-0.00457073472195,17.7103215621,-0.00104157171176,-0.323287929509,0.00998574198776,29.5187027392,0.828701850183,64.07,384.0,621.0,199.162,35.513,172.812
0,0.0,0.0,1.0,1.0,0.0,1.0,1.0,1.0,0.0,1.0,1.0,1.0,1.0,1.0,0.0,2.0,0.0,1.0,0.0,1.0,0.0,0.0,0.0,1.0,1.0,0.0,0.0,1.0,0.0,0.0,0.0,1.0,0.0,0.0,0.6952449786,1.0,2.4080856095,56.6426731507,0.0111292053368,30.0093998483,-0.071287364682,92.415654641,-0.50515898868,8.77752661429,0.0783073143852,12.827129101,0.0392220693995,15.3442811505,0.00964574422371,29.8835546294,-0.00857306751921,39.28965658,0.324181103587,61.9196119844,-0.0539657185632,1.19447666191,-0.00457073472195,18.4206227754,0.0382225012308,-0.323287929509,0.0103067709176,29.5187027392,0.373572266331,62.31,570.0,988.09,303.47,42.275,327.0
0,0.0,1.0,0.0,0.0,2.0,1.0,2.0,1.0,0.0,0.0,0.0,1.0,0.0,0.0,1.0,0.0,0.0,0.0,0.0,1.0,0.0,1.0,1.0,0.0,0.0,1.0,0.0,1.0,0.0,0.0,0.0,2.0,1.0,0.0,0.3208508557,0.0,2.5621738246,59.3352590005,0.0111821463869,30.0162255139,-0.0655512411626,93.6972560047,-0.479485493791,9.17956454275,0.0857490462071,13.8399161403,0.0359312122597,15.8469916344,0.00964574422371,29.8835593415,-0.00725103764713,45.8414965958,0.386288122966,61.975990594,-0.109907782469,0.709065749144,-0.00457073472195,19.6978487045,0.111120915429,-0.323287929509,0.00678230471507,29.5187027392,0.293547019566,54.9,481.0,862.75,318.14,44.035,275.0
0,0.0,0.0,0.0,0.0,1.0,1.0,1.0,0.0,0.0,0.0,0.0,1.0,0.0,1.0,0.0,1.0,0.0,1.0,0.0,0.0,0.0,0.0,0.0,0.0,0.0,0.0,0.0,1.0,0.0,0.0,0.0,0.0,0.0,0.0,0.6952449786,2.0,2.3398929709,57.9868900207,0.0105698451452,29.2655213105,-0.0703031134961,83.8604390327,-0.540733906311,7.34425976676,0.0733206053569,14.2742214018,0.0377083033375,17.5075088697,0.00964574422371,29.8835645586,-0.00129112591287,32.7248583631,0.161652499708,64.1753204603,-0.0673225703596,0.333302037179,-0.00457073472195,21.1223150387,0.202208843732,-0.323287929509,0.007347080802,29.5187027392,0.598324777092,57.86,764.0,670.09,341.44,44.698,577.0
1,0.0,0.0,1.0,1.0,0.0,2.0,1.0,0.0,0.0,0.0,0.0,0.0,2.0,0.0,1.0,2.0,0.0,0.0,1.0,0.0,0.0,1.0,1.0,0.0,0.0,0.0,0.0,0.0,0.0,0.0,0.0,1.0,0.0,0.0,0.6952449786,1.0,2.1664401746,59.1289492106,0.011028784882,28.4463319004,-0.0735425592498,79.8576378551,-0.546459577117,6.57412956089,0.0719976891449,13.2681787082,0.0337997941417,15.6705592043,0.00964574422371,29.8835616447,-0.00450918587763,27.6852603144,0.10092301354,59.8945722381,-0.134643361265,0.368514730105,-0.00457073472195,19.5544376514,0.11370696579,-0.323287929509,0.00909315091627,29.5187027392,0.357361333258,47.87,296.0,826.0,100.188,85.35,155.528
0,0.0,0.0,0.0,2.0,0.0,1.0,0.0,0.0,0.0,2.0,0.0,2.0,1.0,1.0,1.0,2.0,0.0,1.0,1.0,2.0,0.0,0.0,0.0,0.0,0.0,0.0,0.0,0.0,0.0,0.0,1.0,1.0,0.0,0.0,0.6952449786,1.0,1.7867596008,58.4059586309,0.0111550719667,27.4525489265,-0.0736851357658,84.3694355982,-0.532580184467,8.09380366167,0.0762072058866,7.72198070739,0.021809843074,11.3236892369,0.00964574422371,29.8835679687,0.000435035264119,39.8154937809,0.310418236579,55.6589602914,-0.183654023888,0.552086936426,-0.00457073472195,18.5175226181,0.0515264718318,-0.323287929509,0.00721665153506,29.5187027392,0.327435566203,51.4,468.0,749.33,210.3,37.523,307.0
0,0.0,1.0,0.0,1.0,2.0,1.0,0.0,0.0,0.0,1.0,1.0,0.0,2.0,2.0,1.0,0.0,1.0,1.0,0.0,2.0,0.0,1.0,1.0,1.0,0.0,0.0,0.0,1.0,0.0,0.0,0.0,2.0,1.0,0.0,0.3208508557,0.0,2.5882410661,56.802854981,0.00969455098811,23.7670525881,-0.0875454237843,82.2459508443,-0.549898349659,7.35290340126,0.0723074913134,11.4107153761,0.0280656032184,13.448930033,0.00964574422371,29.8835507317,-0.0156539345453,34.6962263775,0.255795494511,60.8552333796,-0.113336533256,0.383988072019,-0.00457073472195,19.8074865739,0.134209197174,-0.323287929509,0.00681707184642,29.5187027392,0.748973644608,71.94,1398.0,378.74,614.99,78.11,448.0
0,0.0,0.0,0.0,1.0,1.0,0.0,0.0,0.0,0.0,1.0,0.0,1.0,0.0,0.0,1.0,1.0,1.0,1.0,1.0,0.0,0.0,0.0,0.0,1.0,0.0,0.0,0.0,0.0,0.0,0.0,0.0,1.0,0.0,0.0,0.6952449786,1.0,2.6978910223,58.2706635691,0.0105271750244,31.1384351007,-0.0658570475998,90.2491085424,-0.517183074028,8.28479347642,0.0774426269555,13.3850255482,0.0347536651197,15.936107991,0.00964574422371,29.8835377355,-0.0267886692578,38.0585527677,0.272786780315,62.9095390766,-0.0796120150673,0.353068195754,-0.00457073472195,18.1420287701,0.0399103355035,-0.323287929509,0.0160190650918,29.5187027392,0.621551796833,59.41,677.0,763.0,186.0,25.0,334.909
1,2.0,0.0,0.0,1.0,2.0,2.0,0.0,0.0,0.0,0.0,1.0,1.0,0.0,0.0,1.0,0.0,0.0,1.0,0.0,0.0,1.0,0.0,0.0,0.0,0.0,1.0,0.0,0.0,0.0,0.0,1.0,1.0,0.0,2.0,3.2519739872,1.0,2.5321816239,58.3219715351,0.0103518454325,23.223417878,-0.08907092444,85.1951470036,-0.522120104437,7.70541708529,0.07832041645,6.83966116722,0.011214909313,9.63375589026,0.00964574422371,29.8835579057,-0.00877321201463,32.9788825828,0.115975862934,56.6793323502,-0.186393742597,0.60007605146,-0.00457073472195,19.7171700196,0.0818574738006,-0.323287929509,0.00594463952189,29.5187027392,0.230003432229,63.54,450.0,265.08,365.41,56.01,351.0
0,0.0,0.0,0.0,1.0,2.0,1.0,2.0,1.0,0.0,0.0,2.0,0.0,1.0,2.0,2.0,0.0,0.0,0.0,1.0,0.0,0.0,0.0,0.0,0.0,0.0,0.0,0.0,0.0,1.0,0.0,1.0,1.0,0.0,0.0,0.6952449786,1.0,2.675111122,57.3332346678,0.01101340471,24.4648374627,-0.0797633376137,93.6607197672,-0.505363019168,9.16037140373,0.0803652201871,10.6041722733,0.0321925843178,12.5179501498,0.00964574422371,29.8835664047,0.000430896691119,30.7157508927,0.148572255444,63.3909986792,-0.0777505963857,0.301935084666,-0.00457073472195,17.356439963,-0.0151808881413,-0.323287929509,0.0323215325347,29.5187027392,0.572991181472,58.41,498.0,854.34,241.29,42.211,219.0
0,0.0,0.0,0.0,1.0,2.0,1.0,0.0,1.0,0.0,0.0,1.0,2.0,1.0,0.0,0.0,0.0,0.0,0.0,2.0,1.0,0.0,0.0,0.0,0.0,1.0,0.0,0.0,0.0,0.0,0.0,0.0,1.0,0.0,0.0,0.6952449786,1.0,2.3379710168,54.52756032,0.00852490472187,22.499414812,-0.0922575798632,88.6770594761,-0.521039392551,8.98988885055,0.0806825843783,7.45678543716,0.0120749758822,8.64827577003,0.00964574422371,29.8835587172,-0.00607923143195,30.4539420945,0.116434590962,60.5987020006,-0.107469481627,0.404261536526,-0.00457073472195,19.120473362,0.0960127973326,-0.323287929509,0.00674918684899,29.5187027392,0.375439650708,70.96,387.0,564.0,188.828,33.462,221.907
1,0.0,1.0,0.0,1.0,0.0,1.0,1.0,0.0,0.0,1.0,0.0,0.0,1.0,1.0,0.0,0.0,0.0,1.0,1.0,1.0,0.0,1.0,1.0,0.0,0.0,0.0,0.0,0.0,0.0,0.0,0.0,1.0,1.0,0.0,0.3208508557,1.0,2.3719956047,58.7582080686,0.0111998914709,26.2971845659,-0.0824371823817,78.097773828,-0.559110530737,6.38369843667,0.0688107407421,7.34007917699,0.0122652412632,11.6823870252,0.00964574422371,29.8835606164,-0.00416882342992,27.5763002626,0.0825773419846,56.5946572608,-0.203677657309,0.376507332261,-0.00457073472195,23.0103722005,0.35255384802,-0.323287929509,0.0093890831453,29.5187027392,0.921494992917,74.09,870.0,723.21,312.81,48.215,264.0
0,1.0,0.0,0.0,0.0,1.0,1.0,1.0,1.0,0.0,2.0,0.0,2.0,1.0,1.0,1.0,1.0,0.0,0.0,0.0,0.0,0.0,0.0,0.0,0.0,0.0,1.0,0.0,1.0,0.0,0.0,0.0,0.0,0.0,1.0,1.9137853432,2.0,2.2014100731,59.3309055672,0.0111804163353,35.2774472757,-0.0474803931569,87.932492953,-0.504491947309,8.39742506849,0.081094567667,13.3121258273,0.0396224364658,16.9565574612,0.00964574422371,29.8835670478,0.000534416059866,39.605561694,0.37287755867,66.5664158668,0.0118098780826,0.573323724706,-0.00457073472195,18.5114098795,0.0467454408621,-0.323287929509,0.00660492360736,29.5187027392,0.389085982917,56.68,543.0,687.44,163.99,26.598,125.0
0,1.0,0.0,1.0,1.0,1.0,0.0,0.0,1.0,0.0,1.0,0.0,1.0,1.0,1.0,0.0,1.0,1.0,1.0,0.0,1.0,0.0,0.0,0.0,2.0,0.0,1.0,0.0,0.0,0.0,0.0,1.0,2.0,0.0,1.0,1.9137853432,0.0,2.3822523224,58.3331863252,0.0107226077066,35.4112563569,-0.063622462146,91.6039939509,-0.514525936549,8.96572340356,0.0777149098318,9.86770830779,0.0198848621261,13.451656533,0.00964574422371,29.8835665108,0.000580219335264,44.1774087586,0.410310630363,66.048940153,-0.0240335405973,0.30064754659,-0.00457073472195,18.7208528162,0.0508698707501,-0.323287929509,0.00624736071119,29.5187027392,0.233166179872,60.29,678.0,534.86,501.03,67.831,616.0
0,1.0,0.0,0.0,0.0,1.0,0.0,1.0,2.0,0.0,1.0,0.0,1.0,1.0,0.0,0.0,1.0,0.0,1.0,1.0,1.0,0.0,0.0,0.0,0.0,0.0,1.0,0.0,0.0,0.0,0.0,0.0,0.0,0.0,1.0,1.9137853432,2.0,2.1535383257,56.8044580701,0.00974355070253,26.3379473995,-0.0801753349731,87.9865060185,-0.52383715729,9.15030579101,0.0812369040302,12.228648726,0.0306142545976,14.749874243,0.00964574422371,29.8835214639,-0.0477842096753,25.9088424422,0.021376697231,62.3128111481,-0.105727555456,0.352412218356,-0.00457073472195,19.0164440171,0.0848269849876,-0.323287929509,0.0111665821952,29.5187027392,0.516277999187,70.68,1046.0,647.43,384.23,63.211,301.0
0,0.0,1.0,0.0,1.0,2.0,0.0,0.0,0.0,0.0,1.0,1.0,0.0,0.0,2.0,0.0,0.0,0.0,2.0,1.0,2.0,0.0,0.0,0.0,0.0,0.0,0.0,0.0,0.0,0.0,0.0,1.0,2.0,1.0,0.0,0.3208508557,0.0,2.3270998872,58.6384586813,0.0112954509083,31.224740315,-0.0619757890185,90.6649378895,-0.524302185055,9.14606396489,0.079793263015,11.6917663303,0.0311106970907,13.8152540576,0.00964574422371,29.8835597882,-0.00573715329013,33.0312006807,0.178012731979,58.5934358569,-0.164629991438,1.16096020234,-0.00457073472195,18.6620587925,0.0553222936716,-0.323287929509,0.011015370841,29.5187027392,0.840223000432,71.98,524.0,668.97,144.16,22.737,125.0
0,0.0,1.0,0.0,1.0,1.0,1.0,1.0,0.0,0.0,0.0,0.0,0.0,0.0,0.0,2.0,2.0,1.0,1.0,1.0,1.0,0.0,1.0,1.0,0.0,0.0,0.0,0.0,0.0,0.0,0.0,1.0,1.0,1.0,0.0,0.3208508557,1.0,2.2442546111,56.8032259236,0.00797531018113,28.7373145136,-0.0718531457826,97.738582962,-0.503452975714,9.81471758011,0.0824302585245,13.2344089481,0.0403610522895,16.9041731594,0.00964574422371,29.8835659197,0.000888638841477,32.995420612,0.205430731235,60.6780700296,-0.156142287504,1.21193618045,-0.00457073472195,20.4144812396,0.136394983175,-0.323287929509,0.0141204512501,29.5187027392,0.212613556785,66.21,790.0,894.22,367.62,53.257,450.0
0,1.0,0.0,1.0,2.0,1.0,1.0,1.0,1.0,0.0,0.0,2.0,1.0,1.0,2.0,1.0,2.0,0.0,0.0,2.0,0.0,0.0,0.0,0.0,0.0,0.0,1.0,0.0,0.0,0.0,0.0,0.0,0.0,0.0,1.0,1.9137853432,2.0,2.2556364639,50.8123616747,0.00625663376564,23.1459460424,-0.0893098257503,83.9903034011,-0.538985850161,7.65221261281,0.0748234102126,13.1398592862,0.0355726542617,15.979545768,0.00964574422371,29.8835637546,-0.000782042673467,27.3844099757,0.0599396887626,59.0095030964,-0.151492119057,0.370745944025,-0.00457073472195,20.1319212086,0.1577437135,-0.323287929509,0.00631745421208,29.5187027392,0.781765116836,72.01,1170.0,742.52,349.9,46.77,276.0
1,1.0,0.0,0.0,1.0,2.0,1.0,1.0,0.0,0.0,0.0,0.0,1.0,0.0,0.0,0.0,0.0,0.0,0.0,2.0,0.0,0.0,1.0,1.0,0.0,0.0,0.0,0.0,0.0,0.0,0.0,0.0,1.0,0.0,1.0,1.9137853432,1.0,2.6099586998,57.6948090697,0.0107256602224,25.5250247675,-0.0804519122443,89.8537578738,-0.514425634377,8.773035216,0.080267911401,9.5847106198,0.0234861757573,12.9696201777,0.00964574422371,29.8835648028,-0.00148512523457,35.7627626395,0.229821347512,58.7464032579,-0.146846418393,0.322444429865,-0.00457073472195,18.9599050948,0.0755159423584,-0.323287929509,0.00767925799887,29.5187027392,0.277258368014,56.05,399.0,834.64,304.41,49.163,276.0
1,0.0,0.0,0.0,1.0,2.0,0.0,1.0,0.0,0.0,2.0,1.0,0.0,1.0,0.0,0.0,1.0,0.0,1.0,1.0,0.0,0.0,0.0,0.0,0.0,0.0,2.0,0.0,0.0,0.0,0.0,0.0,0.0,0.0,0.0,0.6952449786,2.0,2.5989768939,50.7560572483,0.00693132755029,26.1879133412,-0.0785549666888,87.8169593049,-0.521364350841,7.68874424303,0.0757280874414,9.27026421433,0.0226159405366,14.3448790984,0.00964574422371,29.8835527797,-0.0125033485029,38.0621036533,0.305194177488,61.4829636336,-0.105616579165,0.701891956564,-0.00457073472195,18.7309407619,0.0630877500044,-0.323287929509,0.00664933088324,29.5187027392,0.466664001789,63.19,788.0,854.0,522.079,66.261,577.891
0,0.0,0.0,0.0,1.0,1.0,1.0,0.0,0.0,0.0,0.0,1.0,1.0,1.0,1.0,0.0,0.0,0.0,0.0,0.0,0.0,0.0,0.0,0.0,0.0,0.0,0.0,0.0,1.0,0.0,0.0,1.0,1.0,0.0,0.0,0.6952449786,1.0,2.485771807,59.1954077035,0.0111761425437,26.3913912715,-0.0785958863246,78.509488655,-0.552277564234,6.50544414375,0.07139136508,11.6570989434,0.0295588011602,13.1565014354,0.00964574422371,29.8835635837,-0.00232156423105,38.6198975513,0.288630863073,65.4770316187,-0.0275486560429,0.635834362898,-0.00457073472195,18.9516342017,0.083128672205,-0.323287929509,0.0160624733772,29.5187027392,0.674729463343,55.41,479.0,1129.4,454.68,65.868,368.0
0,0.0,0.0,0.0,0.0,1.0,1.0,1.0,2.0,0.0,1.0,0.0,2.0,0.0,1.0,0.0,0.0,0.0,0.0,0.0,1.0,0.0,0.0,0.0,1.0,0.0,0.0,0.0,1.0,0.0,0.0,0.0,2.0,0.0,0.0,0.6952449786,0.0,2.5416703524,57.3185754878,0.0102550715978,25.5674947453,-0.0811319233025,91.8431201801,-0.511103185485,8.05557738806,0.0766622082469,13.3673770655,0.035581281974,15.1841727218,0.00964574422371,29.8835532322,-0.0121092648955,32.1136615897,0.170510649992,60.1706898721,-0.128177820322,0.348089259205,-0.00457073472195,19.3310670723,0.102909458702,-0.323287929509,0.00692002429016,29.5187027392,0.261240622288,64.63,567.0,673.93,470.43,66.445,517.0
1,1.0,0.0,0.0,1.0,1.0,1.0,1.0,1.0,0.0,1.0,1.0,0.0,1.0,1.0,1.0,1.0,0.0,1.0,0.0,0.0,0.0,0.0,0.0,0.0,0.0,0.0,0.0,1.0,0.0,0.0,0.0,1.0,0.0,1.0,1.9137853432,1.0,2.9774986564,54.9853459482,0.00814801650514,21.4433009969,-0.0945325177674,82.9113379024,-0.554088263122,7.20480862537,0.0708340830849,13.4235352101,0.0352665939943,16.1636404888,0.00964574422371,29.8835597743,-0.00613020076903,34.4447265237,0.2342951243,59.0869809067,-0.154567798915,0.340089322935,-0.00457073472195,18.3112284501,0.0292089897911,-0.323287929509,0.0117868948918,29.5187027392,0.314336660153,67.28,839.0,432.39,617.42,88.189,637.0
2,0.0,1.0,0.0,2.0,1.0,2.0,0.0,0.0,0.0,0.0,1.0,0.0,0.0,0.0,0.0,2.0,1.0,0.0,1.0,1.0,0.0,0.0,0.0,0.0,0.0,0.0,0.0,1.0,0.0,0.0,0.0,1.0,1.0,0.0,0.3208508557,1.0,2.7968877469,57.2533051197,0.0102360563605,27.3901389599,-0.0756825470344,95.0938104439,-0.497043244511,9.82766708992,0.084809322703,13.7443579754,0.0378098709541,15.4605374333,0.00964574422371,29.883558929,-0.00643376173749,34.9274815138,0.223236882154,59.8964454415,-0.134373460998,0.379109456148,-0.00457073472195,18.7151290257,0.0612281005102,-0.323287929509,0.00695716693988,29.5187027392,0.305676318044,68.74,683.0,951.16,450.12,68.837,559.0
0,0.0,0.0,0.0,1.0,1.0,2.0,1.0,1.0,0.0,1.0,1.0,1.0,1.0,0.0,2.0,0.0,1.0,1.0,1.0,1.0,0.0,0.0,0.0,0.0,0.0,0.0,0.0,0.0,0.0,0.0,1.0,1.0,0.0,0.0,0.6952449786,1.0,2.5061185206,55.3173790806,0.00988277254038,22.4791481686,-0.0905801834908,93.9533115752,-0.497826725416,10.1483853011,0.0865941487978,10.702864531,0.0252704966565,14.280205856,0.00964574422371,29.8835646317,0.000257256751524,35.0764922855,0.245660058137,58.720703575,-0.160582181081,1.56124899566,-0.00457073472195,19.7666295827,0.139165443071,-0.323287929509,0.0112193904654,29.5187027392,0.391759056071,71.44,855.0,766.22,245.71,35.145,125.0
1,0.0,0.0,0.0,1.0,1.0,1.0,0.0,1.0,0.0,0.0,0.0,1.0,1.0,1.0,2.0,0.0,0.0,0.0,2.0,0.0,0.0,1.0,1.0,0.0,0.0,0.0,0.0,0.0,0.0,0.0,0.0,2.0,0.0,0.0,0.6952449786,0.0,2.6283068385,58.9868983513,0.0112077133035,24.2367796577,-0.0850587607907,95.0177916559,-0.499876352561,10.0085462333,0.0845430897317,14.7031074084,0.0407250100213,15.5840673284,0.00964574422371,29.8835616315,-0.00357367484449,27.7600358853,0.0787966795048,64.3750000501,-0.0460018034641,0.393494872695,-0.00457073472195,18.3007189499,0.0384523531928,-0.323287929509,0.00822031533276,29.5187027392,0.22850696295,63.97,592.0,651.72,326.29,50.283,533.0
2,0.0,0.0,0.0,1.0,1.0,1.0,1.0,0.0,0.0,0.0,0.0,0.0,0.0,0.0,0.0,1.0,0.0,0.0,1.0,0.0,0.0,0.0,0.0,0.0,0.0,0.0,0.0,0.0,0.0,0.0,0.0,2.0,0.0,0.0,0.6952449786,0.0,2.7256204159,56.3523052484,0.00934135461214,30.1072810347,-0.0705376202703,93.1516940898,-0.523455046568,9.55669980131,0.081131016303,10.2551635856,0.0209789848437,12.144663144,0.00964574422371,29.8835542952,-0.0119998865992,30.4730554655,0.127882083826,56.6946613977,-0.199750805799,0.348763710819,-0.00457073472195,18.9193608077,0.0783721923047,-0.323287929509,0.0133822690265,29.5187027392,0.504503902005,70.36,573.0,913.0,338.175,52.309,419.427
1,0.0,0.0,0.0,2.0,0.0,1.0,1.0,1.0,0.0,0.0,1.0,1.0,2.0,0.0,1.0,1.0,1.0,0.0,1.0,0.0,0.0,0.0,0.0,0.0,0.0,0.0,0.0,1.0,0.0,0.0,0.0,1.0,0.0,0.0,0.6952449786,1.0,2.8555460606,56.7420499092,0.00961977076202,34.9701456804,-0.0577232192772,98.3212112137,-0.483884393959,9.82277379183,0.0828027506071,12.7642161748,0.0342261334484,14.6831112816,0.00964574422371,29.8835518208,-0.0131847610751,40.0135872744,0.360014147506,64.766290915,-0.0417490580839,0.316502578745,-0.00457073472195,17.5377614159,5.00294989803e-05,-0.323287929509,0.0145988980858,29.5187027392,0.333266782517,60.28,410.0,689.0,185.468,27.568,159.432
1,0.0,0.0,0.0,0.0,1.0,1.0,1.0,1.0,0.0,1.0,2.0,1.0,1.0,1.0,1.0,2.0,0.0,1.0,2.0,2.0,0.0,1.0,1.0,0.0,0.0,0.0,0.0,0.0,0.0,0.0,1.0,1.0,0.0,0.0,0.6952449786,1.0,1.893723915,57.8107590242,0.010371055304,26.1849326898,-0.0789163711755,87.9485441998,-0.518389037259,7.70726767019,0.0758195230094,14.2623252905,0.037537930356,17.9006866039,0.00964574422371,29.8835533875,-0.0127557699964,29.5451749589,0.122480176229,58.1546215087,-0.164559437984,0.334906674615,-0.00457073472195,19.5449119942,0.123380913182,-0.323287929509,0.00667919721889,29.5187027392,0.436621872398,62.55,557.0,889.0,324.506,47.583,564.459
1,0.0,0.0,1.0,1.0,1.0,1.0,1.0,1.0,0.0,1.0,0.0,2.0,1.0,1.0,0.0,0.0,0.0,1.0,0.0,0.0,0.0,1.0,1.0,1.0,0.0,0.0,0.0,0.0,0.0,0.0,0.0,1.0,0.0,0.0,0.6952449786,1.0,2.7838261209,58.9392274978,0.0105475878726,26.1719492819,-0.0765045982091,86.236000331,-0.536683553957,7.68294875738,0.0746778232857,13.1000750763,0.037291876276,16.2617508119,0.00964574422371,29.8835554065,-0.00806312001985,33.675136121,0.199085364148,61.345026206,-0.0512611637131,0.619009826153,-0.00457073472195,21.5788654028,0.13568109933,-0.323287929509,0.0364133878693,29.5187027392,0.682641575257,66.92,573.0,585.63,192.39,26.893,125.0
0,1.0,0.0,0.0,1.0,2.0,0.0,0.0,0.0,0.0,1.0,1.0,2.0,0.0,2.0,1.0,0.0,0.0,1.0,0.0,1.0,0.0,0.0,0.0,0.0,0.0,1.0,0.0,0.0,0.0,0.0,0.0,2.0,0.0,1.0,1.9137853432,0.0,2.4784529153,59.2593692539,0.0112587910979,34.4660844764,-0.0575283693672,98.9167749365,-0.484720170014,10.196664502,0.0854041279041,14.0553542944,0.0363586201973,17.6097554129,0.00964574422371,29.8835593058,-0.00673056203832,41.255489007,0.339133876125,65.2906591647,-0.0297128134249,0.314415093728,-0.00457073472195,18.4152595895,0.0384902529319,-0.323287929509,0.00648758099159,29.5187027392,0.201178559485,60.66,662.0,640.86,351.89,56.814,392.0
0,0.0,0.0,0.0,1.0,1.0,1.0,1.0,2.0,0.0,0.0,0.0,1.0,1.0,0.0,1.0,0.0,0.0,1.0,0.0,1.0,0.0,0.0,0.0,0.0,0.0,1.0,0.0,0.0,0.0,0.0,0.0,1.0,0.0,0.0,0.6952449786,1.0,2.6313120768,59.0648717149,0.0111141200724,27.4885726587,-0.0757429594264,91.5920133801,-0.513118782971,9.08176509626,0.0803970215544,7.04966984438,0.0139874404812,9.64459080533,0.00964574422371,29.8835616622,-0.00406308038482,36.6620098866,0.25725828688,58.6438763846,-0.155681528907,0.379837331828,-0.00457073472195,19.2627663543,0.0989471908019,-0.323287929509,0.0196203359529,29.5187027392,0.53462616803,56.99,715.0,864.0,429.258,64.902,482.913
1,0.0,0.0,0.0,1.0,1.0,1.0,0.0,0.0,0.0,0.0,1.0,1.0,0.0,1.0,0.0,2.0,1.0,1.0,1.0,0.0,0.0,0.0,0.0,0.0,0.0,1.0,0.0,0.0,0.0,0.0,0.0,1.0,0.0,0.0,0.6952449786,1.0,2.3093124207,58.6282715044,0.010880871591,26.1080846096,-0.0784090943071,89.3903611328,-0.520619976792,8.7365819933,0.0787255780896,12.7784988163,0.0341703265197,15.2399549494,0.00964574422371,29.8835599999,-0.0050449545615,34.4646509881,0.225547961073,59.7369062603,-0.122739257466,0.551245434744,-0.00457073472195,18.9205735882,0.0630058268433,-0.323287929509,0.00752579214843,29.5187027392,0.204785124466,55.09,631.0,853.0,451.245,60.122,837.883
0,0.0,1.0,0.0,0.0,1.0,2.0,1.0,0.0,0.0,1.0,0.0,1.0,1.0,2.0,2.0,2.0,0.0,1.0,1.0,0.0,0.0,0.0,0.0,0.0,0.0,1.0,0.0,1.0,0.0,0.0,0.0,0.0,1.0,0.0,0.3208508557,2.0,1.9077773576,57.2825803436,0.0102420195731,25.1846356988,-0.0829971880261,81.6599035556,-0.543777568413,6.80557437426,0.0717923974556,5.42657352746,0.00558912129004,8.29384939969,0.00964574422371,29.8835541146,-0.0113492082201,30.8241469978,0.134848830426,55.5574268873,-0.221368047377,0.659449500805,-0.00457073472195,21.4222433027,0.216560017719,-0.323287929509,0.0112155974871,29.5187027392,0.768493503201,63.22,428.0,1089.0,394.872,58.82,562.285
0,0.0,0.0,0.0,2.0,2.0,0.0,0.0,1.0,0.0,0.0,1.0,1.0,0.0,1.0,0.0,1.0,0.0,1.0,0.0,1.0,0.0,0.0,0.0,0.0,0.0,0.0,0.0,0.0,0.0,0.0,0.0,1.0,0.0,0.0,0.6952449786,1.0,2.8077726077,59.0879604507,0.0104696831413,28.5338836859,-0.0813912441783,90.0364862199,-0.530941173213,9.06616460836,0.0748843499023,12.5660589925,0.0324772164158,14.1560941726,0.00964574422371,29.883567797,0.000455599572484,41.505404268,0.303016337946,66.3546486743,-0.0339248848857,0.842462621616,-0.00457073472195,17.3609787709,0.0325857668151,-0.323287929509,0.0117627968391,29.5187027392,0.188765620627,53.0,695.0,905.11,327.81,53.995,239.0
0,0.0,0.0,0.0,0.0,1.0,1.0,0.0,1.0,0.0,1.0,0.0,1.0,2.0,0.0,0.0,0.0,1.0,0.0,0.0,2.0,0.0,1.0,1.0,0.0,1.0,0.0,0.0,0.0,0.0,0.0,0.0,1.0,0.0,0.0,0.6952449786,1.0,2.0165679145,55.5132754064,0.00883691471668,20.7524745067,-0.0936086350985,89.1804747141,-0.5259351947,8.41844644606,0.0775829387411,9.17923185813,0.0195246052076,11.1084043579,0.00964574422371,29.8835587432,-0.00686103068422,30.6791224829,0.134706025407,57.0819182924,-0.190229768241,0.364724132052,-0.00457073472195,19.0029564387,0.0808896481477,-0.323287929509,0.00738510377533,29.5187027392,0.468295572207,61.83,702.0,756.0,321.0,37.0,433.8
0,0.0,0.0,0.0,1.0,2.0,1.0,1.0,1.0,0.0,0.0,0.0,0.0,0.0,0.0,1.0,0.0,0.0,0.0,0.0,1.0,0.0,1.0,1.0,1.0,1.0,1.0,0.0,2.0,0.0,0.0,0.0,1.0,0.0,0.0,0.6952449786,1.0,3.1043855809,58.9250399848,0.0113780297512,32.0482283969,-0.0610463163125,87.7148251869,-0.522721654976,7.74796630072,0.0750641128362,8.20007105478,0.0167134189109,11.3045527147,0.00964574422371,29.8835501483,-0.0129346246909,37.2060371911,0.221111844283,54.8596559148,-0.202702014252,0.314715054918,-0.00457073472195,18.7698264574,0.0553495117078,-0.323287929509,0.00647649886363,29.5187027392,0.268622595729,59.8,608.0,519.0,232.717,33.21,178.62
2,0.0,0.0,1.0,2.0,0.0,0.0,1.0,1.0,0.0,1.0,0.0,0.0,1.0,1.0,1.0,0.0,1.0,1.0,1.0,1.0,0.0,0.0,0.0,0.0,0.0,0.0,0.0,0.0,0.0,0.0,0.0,1.0,0.0,0.0,0.6952449786,1.0,3.0086017899,57.3314345112,0.0102550357379,21.1951353708,-0.0928507502653,74.9164620332,-0.571635182706,5.04173839821,0.0648066222449,10.8076059479,0.0271726201333,12.5693957155,0.00964574422371,29.8835534969,-0.0127452073278,26.1623648582,0.0544442948578,55.2768718103,-0.214540406881,0.335642473952,-0.00457073472195,23.5306999331,0.353104935946,-0.323287929509,0.00665923612145,29.5187027392,0.667461739116,62.85,863.0,891.0,380.386,25.277,372.676
1,1.0,0.0,0.0,0.0,1.0,1.0,0.0,1.0,0.0,0.0,0.0,0.0,1.0,0.0,1.0,0.0,0.0,2.0,0.0,1.0,0.0,1.0,1.0,0.0,0.0,0.0,0.0,1.0,0.0,0.0,0.0,1.0,0.0,1.0,1.9137853432,1.0,2.877219997,55.3680408893,0.00906262348746,20.0898797648,-0.0948736149282,75.3264794799,-0.56160069128,5.44897514395,0.0689811714036,7.84807796203,0.0131979727081,11.4196681042,0.00964574422371,29.8835302281,-0.0378594238847,24.9121183131,-0.00926475446679,56.8737224439,-0.201502720952,0.341051566398,-0.00457073472195,19.66209801,0.143719956404,-0.323287929509,0.00916677891382,29.5187027392,0.665203568959,71.57,918.0,498.38,393.7,57.104,321.0
0,0.0,0.0,0.0,1.0,2.0,0.0,0.0,0.0,0.0,1.0,0.0,0.0,1.0,0.0,0.0,0.0,0.0,1.0,0.0,0.0,0.0,0.0,0.0,1.0,0.0,0.0,0.0,1.0,0.0,0.0,0.0,1.0,0.0,0.0,0.6952449786,1.0,3.0537472447,56.9452669199,0.0101120444825,29.7966711912,-0.0703719168814,100.248836721,-0.488584588532,10.5802768371,0.0854016711716,13.1716072633,0.0343797207925,15.1854481755,0.00964574422371,29.8835637355,-0.00260494760187,30.6152900359,0.144150764932,64.2320590218,-0.0646897430513,0.336546829033,-0.00457073472195,17.5646473815,0.00978496699679,-0.323287929509,0.00829050889076,29.5187027392,0.55511405445,52.23,400.0,891.0,221.766,35.843,369.555
1,0.0,0.0,0.0,0.0,2.0,1.0,2.0,0.0,0.0,1.0,1.0,1.0,0.0,0.0,0.0,0.0,1.0,1.0,2.0,0.0,0.0,0.0,0.0,1.0,0.0,0.0,0.0,1.0,0.0,0.0,1.0,1.0,0.0,0.0,0.6952449786,1.0,2.7263358953,58.7209754242,0.0107716759296,27.6864843024,-0.0746585539864,74.7233047547,-0.574956712334,5.51306811529,0.0655788801808,12.4808159802,0.0351444580832,14.3117702504,0.00964574422371,29.8835652115,0.000538285379089,29.0286276637,0.138875962293,60.6587510054,-0.111199278208,0.339306329992,-0.00457073472195,21.2587956866,0.241392102519,-0.323287929509,0.01146556432,29.5187027392,0.823621615207,68.35,720.0,479.34,379.74,50.872,440.0
0,0.0,0.0,0.0,0.0,1.0,1.0,1.0,1.0,0.0,1.0,1.0,2.0,1.0,0.0,1.0,1.0,1.0,1.0,2.0,1.0,0.0,0.0,0.0,0.0,0.0,1.0,0.0,1.0,0.0,0.0,0.0,0.0,0.0,0.0,0.6952449786,2.0,2.129058711,55.1581703247,0.00902077672584,29.6986124998,-0.0676502596282,80.7973910699,-0.543351619976,6.46361134994,0.0721393056548,10.3606313561,0.0220873118392,13.7566506697,0.00964574422371,29.8835605296,-0.00472828266606,45.5660800095,0.452914296536,61.9469861017,-0.0987802144951,0.348201826293,-0.00457073472195,20.4714339462,0.167187111322,-0.323287929509,0.0134324236844,29.5187027392,0.767345057662,64.57,1064.0,948.0,543.673,68.005,662.326
0,1.0,0.0,0.0,2.0,2.0,0.0,2.0,0.0,0.0,0.0,0.0,0.0,0.0,1.0,0.0,1.0,1.0,0.0,1.0,0.0,0.0,0.0,0.0,1.0,0.0,0.0,0.0,0.0,0.0,0.0,0.0,2.0,0.0,1.0,1.9137853432,0.0,2.7686418784,58.1540698173,0.010784245287,24.7194465396,-0.0851206233706,80.5737952751,-0.551639701893,6.65569022607,0.0708248748019,12.4274566706,0.0322863709045,15.8585433443,0.00964574422371,29.883550101,-0.0156733832996,26.9992312389,0.0652503118406,60.7674020544,-0.114410062069,0.379610503183,-0.00457073472195,19.8208544424,0.13699265162,-0.323287929509,0.0109553978412,29.5187027392,0.782753153475,68.64,590.0,758.0,348.313,51.211,307.069
1,0.0,0.0,0.0,0.0,0.0,1.0,0.0,0.0,0.0,0.0,0.0,1.0,0.0,0.0,0.0,2.0,0.0,0.0,0.0,2.0,0.0,0.0,0.0,0.0,0.0,1.0,0.0,0.0,0.0,0.0,0.0,0.0,0.0,0.0,0.6952449786,2.0,1.7934261965,56.8199904148,0.0102630985235,33.5176898292,-0.0584247758832,86.947924029,-0.533912324429,8.40678900155,0.0766558373465,10.5151454348,0.0229327947769,12.4591453997,0.00964574422371,29.8835241494,-0.0386048900621,37.4550683761,0.299178598998,60.5310932294,-0.12956440318,0.749507809977,-0.00457073472195,19.5382987447,0.10408107013,-0.323287929509,0.0057868601216,29.5187027392,0.476992588233,66.06,776.0,973.46,389.6,56.158,301.0
2,1.0,0.0,0.0,1.0,0.0,1.0,1.0,0.0,0.0,1.0,0.0,1.0,0.0,1.0,0.0,0.0,1.0,1.0,1.0,1.0,0.0,0.0,0.0,0.0,0.0,1.0,0.0,1.0,0.0,0.0,0.0,1.0,0.0,1.0,1.9137853432,1.0,2.6047012927,57.3535260745,0.0102585132189,21.0236621632,-0.0931143223179,69.8410114195,-0.580243045492,4.35672769779,0.0626732217072,14.6757615263,0.0394166549947,17.9180361583,0.00964574422371,29.8835522767,-0.0128233515297,27.3433807825,0.0761362923159,56.1093636839,-0.221514193947,0.328133976174,-0.00457073472195,22.4078857485,0.270756920138,-0.323287929509,0.0124461242518,29.5187027392,0.968012957789,60.74,525.0,776.0,295.226,46.657,297.478
0,0.0,0.0,0.0,1.0,1.0,0.0,1.0,1.0,0.0,1.0,0.0,2.0,1.0,0.0,1.0,0.0,0.0,1.0,1.0,1.0,0.0,0.0,0.0,0.0,0.0,0.0,0.0,0.0,0.0,0.0,0.0,0.0,0.0,0.0,0.6952449786,2.0,2.5159022253,57.2644974427,0.00994061399789,31.0948042581,-0.0644492423355,104.134801051,-0.463939727824,11.4752199494,0.0914183315586,12.3979697737,0.0333906488608,15.691293546,0.00964574422371,29.8835603048,-0.00414534913804,35.8762868019,0.278366001882,60.6026179957,-0.10774930001,0.371789747933,-0.00457073472195,18.8725405921,0.0699016715741,-0.323287929509,0.0126759030482,29.5187027392,0.276711084308,72.41,786.0,916.0,399.0,46.0,401.381
1,0.0,0.0,1.0,1.0,1.0,0.0,1.0,0.0,0.0,0.0,1.0,0.0,0.0,0.0,0.0,1.0,0.0,2.0,0.0,1.0,0.0,1.0,1.0,0.0,0.0,0.0,0.0,1.0,0.0,0.0,0.0,,0.0,0.0,0.6952449786,,2.987769323,58.220454843,0.0107515706118,30.5833320773,-0.0668889563354,93.1783088236,-0.505060989854,9.12028158407,0.081854792692,13.9295055631,0.0379042965462,15.9075558781,0.00964574422371,29.8835633477,-0.00196732933499,35.3009282894,0.253283056514,63.1565090714,-0.0644131263558,0.362838612945,-0.00457073472195,18.2453500505,0.0345392640172,-0.323287929509,0.0116535366003,29.5187027392,0.347957779919,60.79,788.0,1067.0,465.622,64.769,745.008
1,1.0,0.0,0.0,1.0,1.0,2.0,0.0,0.0,0.0,1.0,1.0,2.0,0.0,1.0,0.0,1.0,2.0,2.0,1.0,1.0,0.0,0.0,0.0,1.0,0.0,1.0,0.0,0.0,0.0,0.0,0.0,2.0,0.0,1.0,1.9137853432,0.0,2.3837211609,56.641998033,0.0101251026155,31.4197175804,-0.0630836028799,81.5181109303,-0.546533656291,7.04362589425,0.0727227660372,12.496033146,0.0332165194279,15.1453509345,0.00964574422371,29.8835368692,-0.0291890709331,31.1075523098,0.127123654908,54.5956148745,-0.230995891822,0.362518313223,-0.00457073472195,20.0169066715,0.142477947375,-0.323287929509,0.00980594031407,29.5187027392,0.682197279085,69.31,829.0,726.65,341.35,57.4,394.0
0,0.0,1.0,0.0,1.0,1.0,1.0,1.0,2.0,0.0,0.0,1.0,0.0,0.0,1.0,1.0,1.0,0.0,1.0,1.0,1.0,0.0,0.0,0.0,0.0,0.0,1.0,0.0,1.0,0.0,0.0,1.0,1.0,1.0,0.0,0.3208508557,1.0,2.5438882787,59.134650603,0.0114054322816,31.9775106405,-0.0583965478404,85.0729694619,-0.509463232417,8.46553359945,0.0829292350625,10.6343772507,0.0260878268666,16.1651210858,0.00964574422371,29.8835648835,0.000559237519261,31.9091664215,0.139665467316,58.4597216704,-0.14288294535,0.351338519055,-0.00457073472195,18.9559657111,0.0704998154015,-0.323287929509,0.0110386648379,29.5187027392,0.347255924661,71.16,717.0,860.71,310.02,43.127,147.0
0,1.0,0.0,0.0,1.0,2.0,0.0,1.0,1.0,0.0,0.0,1.0,0.0,1.0,2.0,1.0,1.0,1.0,0.0,0.0,1.0,0.0,0.0,0.0,0.0,0.0,0.0,0.0,0.0,0.0,0.0,0.0,0.0,0.0,1.0,1.9137853432,2.0,2.5001703854,55.5929900049,0.00933004957514,26.4103137103,-0.0786268436812,96.4253067348,-0.497029613463,9.60025181222,0.0825109147427,15.4436724327,0.0424097015451,18.9385361599,0.00964574422371,29.8835616559,-0.00386199818806,32.3914028106,0.176995655245,60.7031431362,-0.119043687024,0.385266991901,-0.00457073472195,19.0634697378,0.0872013958233,-0.323287929509,0.00851078214654,29.5187027392,0.232952841077,59.83,465.0,654.0,239.0,31.0,238.371
0,1.0,0.0,0.0,1.0,0.0,0.0,1.0,1.0,0.0,0.0,0.0,2.0,1.0,0.0,2.0,0.0,0.0,1.0,1.0,0.0,1.0,0.0,0.0,0.0,0.0,0.0,0.0,0.0,0.0,0.0,0.0,1.0,0.0,1.0,1.9137853432,1.0,2.4121486672,57.2394783846,0.0102270691655,25.0410026498,-0.0831799682227,78.3902020347,-0.558946587319,5.83440032533,0.0671216876078,7.64228083424,0.01372520342,10.2379883642,0.00964574422371,29.8835551024,-0.0103960527545,30.9100553957,0.141975296414,56.9576169168,-0.193440731187,0.40057381518,-0.00457073472195,19.7879076968,0.133305381789,-0.323287929509,0.0137040608424,29.5187027392,0.523165269108,67.8,897.0,415.47,349.56,44.8,287.0
0,1.0,0.0,1.0,2.0,1.0,1.0,2.0,1.0,,0.0,1.0,1.0,1.0,0.0,2.0,1.0,1.0,1.0,1.0,1.0,0.0,1.0,1.0,0.0,0.0,1.0,0.0,0.0,0.0,0.0,0.0,1.0,0.0,1.0,1.9137853432,1.0,2.6602398744,59.2832461056,0.0112296622566,25.8154591035,-0.0831959234017,78.7139966856,-0.53617116212,6.34693322203,0.0718600560932,8.62742119987,0.0301918082087,12.1843110687,0.00964574422371,29.8835615345,-0.0042013179566,30.6129402325,0.112344788961,58.1221660365,-0.1596840206,0.302638904898,-0.00457073472195,20.3199440933,0.205299993581,-0.323287929509,0.00619540634045,29.5187027392,0.482719778777,61.09,469.0,700.57,250.23,43.875,138.0
1,1.0,0.0,0.0,1.0,0.0,0.0,0.0,0.0,0.0,0.0,0.0,1.0,1.0,1.0,0.0,1.0,2.0,0.0,0.0,0.0,0.0,0.0,0.0,0.0,0.0,0.0,0.0,0.0,0.0,0.0,2.0,0.0,0.0,1.0,1.9137853432,2.0,2.1331675138,56.3068621448,0.00964368232967,23.0811896325,-0.0885452034883,80.534719247,-0.5523501593,6.83613567934,0.0709678458459,10.9329887654,0.0283586549801,12.4833761964,0.00964574422371,29.8835506473,-0.0170313931333,39.3185378115,0.313342026986,58.4027148044,-0.145515753864,0.369221680054,-0.00457073472195,19.7942737353,0.135165747527,-0.323287929509,0.0109942495642,29.5187027392,1.37280491233,72.3,698.0,288.0,205.43,32.097,221.394
0,0.0,0.0,0.0,0.0,2.0,1.0,1.0,1.0,0.0,1.0,0.0,0.0,2.0,1.0,0.0,1.0,0.0,0.0,1.0,0.0,0.0,0.0,0.0,0.0,0.0,0.0,0.0,0.0,0.0,0.0,0.0,2.0,0.0,0.0,0.6952449786,0.0,2.083079862,58.3809554028,0.0106437214399,33.9955953567,-0.0621744734164,82.3101404427,-0.53868773531,7.82422996096,0.0757711789437,17.0014434108,0.0443103188039,18.4230932896,0.00964574422371,29.8835572312,-0.0079130703702,39.1943367117,0.290146873057,63.232572395,-0.0866203307023,0.322214246731,-0.00457073472195,17.6225018374,0.0187976049275,-0.323287929509,0.00877048137489,29.5187027392,0.209084680764,48.02,325.0,719.08,245.62,45.928,385.0
1,0.0,0.0,0.0,0.0,1.0,1.0,1.0,1.0,0.0,0.0,0.0,1.0,2.0,1.0,0.0,1.0,1.0,2.0,0.0,0.0,0.0,0.0,0.0,0.0,0.0,0.0,0.0,1.0,0.0,0.0,0.0,1.0,0.0,0.0,0.6952449786,1.0,2.4981071069,59.0399175206,0.0113494235698,25.1166083494,-0.0833028927359,91.69109302,-0.504456549591,9.71350423571,0.0846230539968,14.0294823785,0.0390209084531,17.0456638733,0.00964574422371,29.8835503602,-0.0154956326451,34.3931785671,0.226846446782,54.8486714167,-0.242756057124,0.671949305794,-0.00457073472195,18.9703706856,0.0737987059335,-0.323287929509,0.0108197723749,29.5187027392,0.302978952952,68.51,763.0,557.0,599.4,77.587,644.641
2,1.0,0.0,0.0,0.0,1.0,1.0,2.0,1.0,0.0,1.0,0.0,1.0,1.0,1.0,1.0,0.0,1.0,2.0,2.0,1.0,0.0,0.0,0.0,0.0,0.0,0.0,0.0,1.0,0.0,0.0,0.0,1.0,0.0,1.0,1.9137853432,1.0,2.6540821957,57.3629384522,0.0102564320157,30.6457025853,-0.0662830714436,91.4358524649,-0.504267782745,8.65230913113,0.0795595975566,10.6054137911,0.0240636130353,14.3731096079,0.00964574422371,29.8835580925,-0.00664362187505,38.7975608785,0.28381218389,62.1315925051,-0.115289713624,0.325006828992,-0.00457073472195,20.3143558408,0.135621698588,-0.323287929509,0.00694984519839,29.5187027392,0.326716025708,59.4,644.0,460.77,333.99,51.023,332.0
1,1.0,0.0,0.0,0.0,0.0,2.0,2.0,0.0,0.0,2.0,1.0,0.0,2.0,0.0,0.0,0.0,1.0,0.0,1.0,1.0,0.0,1.0,1.0,0.0,0.0,1.0,0.0,0.0,0.0,0.0,0.0,1.0,0.0,1.0,1.9137853432,1.0,2.0356623485,58.6936960692,0.010904917552,27.6862808154,-0.0758373165766,88.7185468278,-0.528710178752,8.65434190681,0.0775900397932,7.46525513306,0.0139322826936,7.64319620592,0.00964574422371,29.8835644552,-0.000390771956774,30.2131430439,0.12481651003,58.0307703092,-0.179684585696,0.717477524336,-0.00457073472195,20.489782157,0.152613290728,-0.323287929509,0.0165547145436,29.5187027392,0.446153696159,67.31,862.0,844.48,314.1,44.736,284.0
1,0.0,0.0,1.0,1.0,1.0,0.0,1.0,0.0,0.0,0.0,0.0,1.0,1.0,1.0,1.0,1.0,0.0,1.0,2.0,0.0,0.0,0.0,0.0,0.0,0.0,1.0,0.0,0.0,0.0,0.0,0.0,1.0,0.0,0.0,0.6952449786,1.0,2.3330348081,57.2843152805,0.010084771793,24.5013458671,-0.0841532396638,86.1531846865,-0.5340653192,7.8891315884,0.0752001071145,8.09094288474,0.0161951123104,10.2844954647,0.00964574422371,29.8835542297,-0.0112705121396,32.4724080921,0.185101718655,60.3393182184,-0.132370060133,0.373268302551,-0.00457073472195,19.9805811569,0.137326369024,-0.323287929509,0.0113052344129,29.5187027392,0.54610815416,64.28,650.0,405.0,413.915,54.762,480.981
1,0.0,0.0,0.0,0.0,1.0,2.0,0.0,0.0,0.0,0.0,0.0,1.0,0.0,1.0,1.0,0.0,0.0,0.0,1.0,1.0,0.0,0.0,0.0,0.0,0.0,1.0,0.0,0.0,0.0,0.0,0.0,1.0,0.0,0.0,0.6952449786,1.0,2.1233135401,57.2165406631,0.0102205792498,26.9314903842,-0.0775395838829,86.5478157378,-0.529428738886,8.32981010449,0.0778116637554,15.0729550309,0.0435051569493,18.2037872639,0.00964574422371,29.8835490432,-0.0172997568047,29.181528977,0.100361511333,62.3230184956,-0.0807577523463,0.405354881046,-0.00457073472195,19.4770038859,0.113146526595,-0.323287929509,0.00780468364392,29.5187027392,0.345638210059,68.17,994.0,1763.0,413.584,54.482,377.559
0,1.0,0.0,0.0,1.0,1.0,1.0,1.0,0.0,0.0,1.0,1.0,1.0,2.0,1.0,2.0,0.0,0.0,1.0,2.0,1.0,0.0,0.0,0.0,1.0,0.0,1.0,0.0,1.0,0.0,0.0,0.0,0.0,0.0,1.0,1.9137853432,2.0,2.4736103841,57.3158263926,0.0102513383748,22.8266784578,-0.088665807804,80.630028483,-0.548606955871,5.89068044157,0.0681890676147,11.8990571837,0.0302192074344,14.3129891308,0.00964574422371,29.8835536303,-0.0116771189168,24.1103199188,0.00826776854111,59.3149750535,-0.144441449811,0.361704664391,-0.00457073472195,20.5465108145,0.176616236589,-0.323287929509,0.00748051716519,29.5187027392,0.773753181086,64.02,694.0,682.0,499.0,51.0,659.437
1,1.0,0.0,0.0,1.0,0.0,1.0,1.0,1.0,1.0,1.0,0.0,1.0,0.0,1.0,0.0,0.0,0.0,1.0,2.0,0.0,0.0,0.0,0.0,0.0,0.0,0.0,0.0,0.0,0.0,0.0,1.0,0.0,0.0,1.0,1.9137853432,2.0,2.4041637868,58.5755471753,0.0113882653318,28.1252843914,-0.069689504286,84.7843477821,-0.523845878062,7.1161435132,0.0762469488347,11.525030545,0.0277981070578,13.4136554122,0.00964574422371,29.8835625892,-0.00410499417118,28.0030099237,0.127413098409,57.1919208471,-0.197403031824,0.603626433708,-0.00457073472195,21.1282910125,0.13195605484,-0.323287929509,0.00586443312495,29.5187027392,0.621926143359,64.92,616.0,600.15,192.39,30.888,144.0
0,0.0,1.0,0.0,1.0,2.0,1.0,0.0,0.0,0.0,0.0,0.0,0.0,1.0,1.0,0.0,0.0,0.0,1.0,1.0,1.0,1.0,1.0,1.0,0.0,0.0,1.0,0.0,1.0,0.0,0.0,0.0,1.0,1.0,0.0,0.3208508557,1.0,2.1444897472,45.6023242172,0.00389926545575,22.3254364852,-0.0914472236205,75.7434436967,-0.566119206139,5.63859794637,0.0665367434892,7.79206679371,0.0161226307206,10.7595130927,0.00964574422371,29.8835593443,-0.00630950526224,35.2519338321,0.25951023785,55.9551218959,-0.213584429762,0.34868618947,-0.00457073472195,19.7879750427,0.118015695929,-0.323287929509,0.0116915633427,29.5187027392,0.851311085113,67.06,824.0,622.64,212.38,37.698,191.0
1,1.0,1.0,0.0,0.0,2.0,1.0,0.0,2.0,0.0,0.0,1.0,2.0,2.0,0.0,2.0,0.0,0.0,1.0,1.0,1.0,1.0,0.0,0.0,1.0,0.0,0.0,0.0,2.0,0.0,0.0,0.0,2.0,1.0,1.0,1.4923196558,0.0,2.8368132318,56.0170271468,0.00974523424711,21.4975320712,-0.0907941560777,77.0499654687,-0.565317718127,6.35519671749,0.0695416188662,7.76957122078,0.0181060972122,9.58616192349,0.00964574422371,29.8835576351,-0.00729653518975,28.9792362414,0.131593263932,57.4010167477,-0.168091309238,1.20426749581,-0.00457073472195,19.1846524256,0.0979619068136,-0.323287929509,0.0124952520672,29.5187027392,0.723789943797,55.54,827.0,737.03,520.38,82.397,693.0
0,0.0,0.0,0.0,1.0,0.0,1.0,1.0,2.0,0.0,0.0,0.0,0.0,0.0,0.0,2.0,0.0,0.0,0.0,0.0,0.0,0.0,0.0,0.0,1.0,0.0,0.0,0.0,0.0,0.0,0.0,1.0,2.0,0.0,0.0,0.6952449786,0.0,2.9763491843,57.8891381057,0.0107852351997,28.1013601016,-0.0758531491701,93.6810294976,-0.500068902236,9.39600117619,0.0834577341698,13.3661539147,0.036013844955,16.7458395601,0.00964574422371,29.883557333,-0.00707342667353,33.1772238233,0.198167916404,64.011688861,-0.062645876738,0.290191697216,-0.00457073472195,18.8305588235,0.088119020308,-0.323287929509,0.00715726824367,29.5187027392,0.313157077041,54.1,683.0,937.52,303.79,44.758,342.0
0,0.0,0.0,0.0,1.0,2.0,1.0,1.0,0.0,0.0,0.0,0.0,1.0,1.0,1.0,0.0,2.0,0.0,1.0,2.0,1.0,0.0,0.0,0.0,0.0,0.0,1.0,0.0,0.0,0.0,0.0,0.0,1.0,0.0,0.0,0.6952449786,1.0,1.786515581,59.0603701519,0.0113294494556,31.8900072213,-0.0629118771435,84.7999811895,-0.53326580344,8.04998089256,0.0775432986739,11.7001427384,0.0309126090414,15.4616163255,0.00964574422371,29.8835630957,-0.00165953953168,34.2725481124,0.220455611783,60.9517598873,-0.104097632796,0.955691196112,-0.00457073472195,19.5959365898,0.122479878112,-0.323287929509,0.0109825220445,29.5187027392,0.535854040375,68.39,652.0,756.0,256.0,28.0,207.058
1,1.0,0.0,0.0,1.0,2.0,1.0,0.0,0.0,0.0,0.0,1.0,0.0,0.0,1.0,0.0,1.0,1.0,0.0,1.0,1.0,0.0,0.0,0.0,1.0,0.0,0.0,0.0,0.0,0.0,0.0,0.0,1.0,0.0,1.0,1.9137853432,1.0,2.6187828778,57.7986800414,0.0103266819678,24.7152958084,-0.0830930920407,85.3049491755,-0.526425835678,7.4675836209,0.0766518176289,6.19886390907,0.0102622952197,8.80245790603,0.00964574422371,29.883559567,-0.00629460481981,34.5170776676,0.203102103526,56.5179672417,-0.185411764139,0.331972005832,-0.00457073472195,18.0216727089,0.0131932484148,-0.323287929509,0.00605712568662,29.5187027392,0.238101948424,64.99,580.0,439.24,245.04,41.667,125.0
0,0.0,0.0,0.0,0.0,0.0,1.0,0.0,0.0,0.0,1.0,0.0,0.0,2.0,0.0,2.0,0.0,1.0,1.0,1.0,0.0,0.0,0.0,0.0,2.0,0.0,1.0,0.0,0.0,0.0,0.0,0.0,0.0,0.0,0.0,0.6952449786,2.0,2.5163084159,54.5458435423,0.00903387168599,21.6519789805,-0.0926706411252,76.6787817738,-0.564810063067,6.14330159354,0.0683360802939,8.73630719039,0.0196131514366,11.0935695894,0.00964574422371,29.8835584754,-0.0065084603982,29.8063889336,0.123831929335,59.7715912146,-0.139067492363,0.369800529648,-0.00457073472195,20.8878647827,0.188575586765,-0.323287929509,0.0112579558806,29.5187027392,1.12690791106,63.92,506.0,401.0,321.347,43.645,351.9
0,0.0,0.0,1.0,1.0,0.0,1.0,1.0,0.0,0.0,1.0,0.0,0.0,2.0,0.0,0.0,2.0,0.0,0.0,1.0,0.0,0.0,0.0,0.0,0.0,0.0,0.0,0.0,1.0,0.0,0.0,0.0,1.0,0.0,0.0,0.6952449786,1.0,2.1179481915,56.59780684,0.0106899649023,28.7624650012,-0.0745656522114,90.0724759328,-0.550720473399,8.73399543814,0.0759084189947,7.48998217451,0.0100534969386,11.1601138998,0.00964574422371,29.8835562458,-0.00784295454726,36.3941151565,0.320045837563,56.6119882329,-0.189284477011,0.335836944072,-0.00457073472195,20.0920884503,0.145667926689,-0.323287929509,0.00547203688721,29.5187027392,0.465236535076,67.82,583.0,942.66,299.73,56.841,276.0
2,0.0,0.0,0.0,1.0,1.0,1.0,1.0,0.0,0.0,0.0,1.0,1.0,0.0,0.0,0.0,0.0,0.0,0.0,0.0,0.0,0.0,0.0,0.0,0.0,0.0,1.0,0.0,0.0,0.0,0.0,2.0,2.0,0.0,0.0,0.6952449786,0.0,2.6545658858,55.9414919841,0.00898275423266,27.0682692797,-0.0779986487204,79.1221550016,-0.557277254,6.05974444654,0.0701199185322,13.7562684894,0.0395281382524,16.6584046868,0.00964574422371,29.8835577376,-0.0060768497539,32.079766091,0.139463934667,66.3255906825,-0.0380026947029,0.326278864878,-0.00457073472195,18.3656361368,0.084111441836,-0.323287929509,0.00618606229765,29.5187027392,0.850238246294,64.73,516.0,843.66,271.13,46.626,397.0
0,1.0,0.0,0.0,0.0,1.0,1.0,0.0,0.0,0.0,1.0,1.0,0.0,2.0,0.0,0.0,0.0,0.0,1.0,1.0,1.0,0.0,1.0,1.0,0.0,0.0,1.0,0.0,0.0,0.0,0.0,0.0,1.0,0.0,1.0,1.9137853432,1.0,2.0966406851,56.8623926085,0.0105883174872,28.8050249686,-0.0730762179357,93.2339468636,-0.512049487818,8.75721140695,0.078344666292,17.2131837099,0.0469412218067,19.9247697551,0.00964574422371,29.8835659178,3.19795733834e-05,31.3270056026,0.145794352553,60.0916560876,-0.159965069522,0.310907384301,-0.00457073472195,18.3862296792,0.0563214829025,-0.323287929509,0.00657919635403,29.5187027392,0.412342607504,58.68,446.0,659.11,306.09,47.182,282.0
0,0.0,0.0,0.0,2.0,2.0,1.0,1.0,0.0,0.0,0.0,0.0,0.0,1.0,0.0,1.0,0.0,0.0,0.0,2.0,0.0,0.0,0.0,0.0,0.0,0.0,1.0,0.0,0.0,0.0,0.0,0.0,0.0,0.0,0.0,0.6952449786,2.0,2.6225546338,57.4099925307,0.00979867800781,26.6978344272,-0.0783453493105,89.2272607687,-0.529305888852,8.49248468888,0.0761327644943,14.7640280376,0.0417156958833,15.3225066488,0.00964574422371,29.8835660638,4.78684178712e-07,35.0485554026,0.200515105236,62.6770764305,-0.0755968869709,0.708257782294,-0.00457073472195,20.1461042359,0.162463096389,-0.323287929509,0.00669725743049,29.5187027392,0.387370637383,58.25,364.0,651.14,151.3,26.248,145.0
1,0.0,0.0,0.0,1.0,0.0,1.0,1.0,1.0,0.0,0.0,0.0,1.0,0.0,2.0,0.0,1.0,2.0,0.0,2.0,1.0,0.0,1.0,1.0,0.0,0.0,1.0,0.0,0.0,0.0,0.0,0.0,2.0,0.0,0.0,0.6952449786,0.0,1.965279965,58.2650798424,0.0107586931979,33.7066813942,-0.0588864638932,91.1034177167,-0.513912503328,8.16323573026,0.0770912171083,12.6977773301,0.0329872383638,12.6305417009,0.00964574422371,29.8835528933,-0.0123276456867,32.6522371666,0.181885740285,57.5205372857,-0.177562149712,0.342379037828,-0.00457073472195,17.6838487413,0.00491127560746,-0.323287929509,0.00708290189472,29.5187027392,0.32766544621,60.3,1629.0,720.45,197.14,33.502,125.0
1,1.0,0.0,0.0,1.0,1.0,0.0,0.0,0.0,1.0,0.0,2.0,0.0,1.0,1.0,0.0,0.0,0.0,0.0,1.0,0.0,0.0,0.0,0.0,0.0,0.0,1.0,0.0,1.0,0.0,0.0,0.0,0.0,0.0,1.0,1.9137853432,2.0,2.8198999874,57.8746757378,0.0106765543453,32.1548819847,-0.0623028580782,96.7797438985,-0.48594605904,10.1070161789,0.0852368528243,11.7676539548,0.0298207344111,14.8833625992,0.00964574422371,29.8835663761,-7.1288033343e-05,38.2189447074,0.291356077257,60.047908891,-0.125390072455,0.699112026826,-0.00457073472195,18.7197197015,0.0611412902382,-0.323287929509,0.0069523270758,29.5187027392,0.236341525175,56.09,479.0,917.91,441.97,57.569,638.0
0,0.0,0.0,0.0,1.0,2.0,2.0,1.0,2.0,0.0,1.0,0.0,0.0,0.0,1.0,2.0,1.0,0.0,0.0,1.0,0.0,0.0,,,0.0,1.0,0.0,0.0,1.0,0.0,0.0,0.0,2.0,0.0,0.0,0.6952449786,0.0,2.8327237042,57.3313281955,0.0110564714875,27.8522667685,-0.0733880887282,89.5455371233,-0.521498536726,8.36269013076,0.0776886561111,13.6682812932,0.0359408634299,16.7015214259,0.00964574422371,29.883565997,1.50550381054e-05,39.7852538377,0.307361622501,63.3791593741,-0.06259905171,0.308483208153,-0.00457073472195,19.4498745852,0.109121850935,-0.323287929509,0.00664345257401,29.5187027392,0.215985727053,59.15,474.0,1004.6,464.06,62.54,532.0
0,1.0,0.0,0.0,1.0,2.0,2.0,0.0,0.0,0.0,0.0,0.0,2.0,1.0,1.0,0.0,0.0,0.0,0.0,1.0,1.0,1.0,0.0,0.0,0.0,0.0,0.0,0.0,1.0,0.0,0.0,0.0,1.0,0.0,1.0,1.9137853432,1.0,1.9441273071,58.7607357555,0.0109988648434,27.3231539945,-0.0758948995434,94.3285091063,-0.503688632534,9.29471271948,0.0815967801259,12.7937981879,0.0327096150497,15.1725785321,0.00964574422371,29.8835578362,-0.00733226178042,40.439748378,0.325210279748,59.0894828038,-0.150654539082,0.629426235024,-0.00457073472195,17.7995791097,0.0192694382166,-0.323287929509,0.00814436253125,29.5187027392,0.339326182408,55.24,615.0,915.11,398.37,64.101,584.0
0,0.0,1.0,0.0,1.0,1.0,1.0,1.0,1.0,0.0,0.0,0.0,0.0,1.0,0.0,1.0,0.0,2.0,1.0,1.0,1.0,0.0,1.0,1.0,0.0,0.0,1.0,0.0,0.0,0.0,0.0,0.0,,1.0,0.0,0.3208508557,,2.4941622387,58.2967904862,0.0103091704732,26.6479739638,-0.0777441184097,86.1228694707,-0.529979184196,7.58809726931,0.075617338654,9.17885178812,0.0225539752439,14.806072841,0.00964574422371,29.8835653538,0.000141937362641,33.6791031671,0.165411898501,60.4882561172,-0.139058156722,0.329217260209,-0.00457073472195,20.3125352968,0.159031709179,-0.323287929509,0.012190412562,29.5187027392,0.287796427969,64.4,572.0,891.36,263.66,48.535,264.0
0,0.0,0.0,0.0,0.0,1.0,1.0,1.0,0.0,0.0,1.0,0.0,1.0,0.0,0.0,1.0,0.0,0.0,0.0,0.0,1.0,0.0,0.0,0.0,0.0,0.0,0.0,0.0,0.0,0.0,0.0,0.0,1.0,0.0,0.0,0.6952449786,1.0,2.3354015052,55.1350287579,0.00865721820836,25.4700285173,-0.0806605063759,83.3136039493,-0.54248126908,7.47463840451,0.0742411452664,9.59306821061,0.0228695295272,13.9807956473,0.00964574422371,29.883558125,-0.00765007632246,36.0129197642,0.243880889944,61.884628472,-0.099974539612,0.338682871658,-0.00457073472195,19.1749718546,0.0893626668957,-0.323287929509,0.00821803366694,29.5187027392,0.754486118968,54.72,450.0,794.0,266.886,44.107,208.676
1,0.0,0.0,0.0,1.0,1.0,1.0,0.0,0.0,0.0,0.0,0.0,1.0,1.0,0.0,1.0,0.0,0.0,0.0,2.0,1.0,0.0,0.0,0.0,0.0,0.0,0.0,,1.0,0.0,0.0,0.0,1.0,0.0,0.0,0.6952449786,1.0,2.534497034,59.182056101,0.0109520523678,27.5822597147,-0.0755088624321,86.3034351466,-0.528412566407,9.03106835469,0.0796402168859,7.07086524999,0.0166430613576,9.71658181772,0.00964574422371,29.8835439037,-0.0179586811589,35.4406696459,0.226662151989,51.028373494,-0.259299108456,0.359045254687,-0.00457073472195,17.2712761773,0.00977138675359,-0.323287929509,0.0143729720956,29.5187027392,0.62141721972,45.4,261.0,645.97,118.75,19.776,125.0
0,0.0,0.0,0.0,0.0,0.0,0.0,1.0,1.0,0.0,0.0,0.0,2.0,0.0,0.0,0.0,1.0,2.0,0.0,1.0,1.0,0.0,0.0,0.0,0.0,0.0,1.0,0.0,0.0,0.0,0.0,0.0,2.0,0.0,0.0,0.6952449786,0.0,1.9169962147,54.6614716993,0.00862375093532,23.442463799,-0.0885226031857,83.1262343672,-0.542409720415,7.66866965958,0.0748714951983,3.64822894035,-0.0031910858513,10.2195735508,0.00964574422371,29.883524138,-0.0454933331067,27.8643606948,0.0696034504023,51.407271717,-0.314724438988,0.811325203306,-0.00457073472195,18.7086244236,0.0602264721415,-0.323287929509,0.00778603699984,29.5187027392,0.528874083869,70.77,3134.0,982.0,438.94,48.207,218.803
0,1.0,0.0,1.0,1.0,1.0,1.0,0.0,0.0,0.0,1.0,0.0,0.0,1.0,0.0,0.0,0.0,1.0,1.0,0.0,0.0,0.0,1.0,1.0,1.0,0.0,1.0,0.0,1.0,0.0,0.0,0.0,1.0,0.0,1.0,1.9137853432,1.0,2.8099048313,56.0151681694,0.00952631614413,31.3542114247,-0.0663116916567,101.920319697,-0.482261842506,11.1770125495,0.0877946819927,13.4945083686,0.0347837654649,16.3657485642,0.00964574422371,29.8835636503,-0.00243874564613,34.2002143649,0.222119210848,64.0903979773,-0.0588339621314,0.342743989735,-0.00457073472195,17.6857126846,0.0140880931087,-0.323287929509,0.00808614417213,29.5187027392,0.518221268964,53.45,431.0,818.0,218.0,26.0,216.662
0,1.0,0.0,0.0,1.0,2.0,0.0,2.0,0.0,0.0,1.0,0.0,2.0,0.0,0.0,1.0,0.0,1.0,1.0,1.0,1.0,0.0,0.0,0.0,0.0,0.0,1.0,0.0,1.0,0.0,0.0,0.0,0.0,0.0,1.0,1.9137853432,2.0,2.6282651935,55.9777698999,0.010589557158,27.7257254444,-0.0730417502775,96.5163227047,-0.502596678081,10.5840404868,0.0845547806128,13.8738846798,0.0375430429662,16.7765863782,0.00964574422371,29.8835385872,-0.0223276580496,33.2981152204,0.209043012503,64.6153645295,-0.0602178100122,1.08109094424,-0.00457073472195,16.6460814745,-0.0260254631125,-0.323287929509,0.00755070319424,29.5187027392,0.0225781995872,50.15,385.0,851.28,259.1,38.617,305.0
0,1.0,0.0,0.0,1.0,1.0,1.0,1.0,0.0,0.0,1.0,1.0,1.0,0.0,0.0,0.0,1.0,0.0,0.0,1.0,1.0,1.0,0.0,0.0,1.0,0.0,0.0,0.0,0.0,0.0,0.0,0.0,1.0,0.0,1.0,1.9137853432,1.0,2.1477324568,55.3277832087,0.010334806057,25.7181787937,-0.0815161581089,74.6673242559,-0.568880986852,5.15544993676,0.0652538625102,10.3825419601,0.0245489378737,14.3175825957,0.00964574422371,29.8835650362,0.000196053459449,33.8760815523,0.206194832572,57.8647901034,-0.156771060923,0.742232978312,-0.00457073472195,19.7424693514,0.111586205058,-0.323287929509,0.0117569306328,29.5187027392,0.863132027351,67.27,892.0,683.94,296.67,50.887,155.0
1,1.0,0.0,0.0,0.0,1.0,1.0,0.0,1.0,0.0,1.0,0.0,0.0,0.0,2.0,2.0,1.0,1.0,0.0,1.0,2.0,0.0,0.0,0.0,1.0,0.0,2.0,0.0,0.0,0.0,0.0,0.0,2.0,0.0,1.0,1.9137853432,0.0,2.1093972311,52.0875881916,0.00739061670189,24.6863641157,-0.0852235809191,83.9696837245,-0.535111805753,7.65242094434,0.0768405196761,11.7392871162,0.0317439473374,13.3812270616,0.00964574422371,29.8835648834,0.000220172558945,25.3073641264,0.045343333532,58.2726571254,-0.138207453342,0.346113033364,-0.00457073472195,19.5501530422,0.127030724058,-0.323287929509,0.0115752998451,29.5187027392,1.09797887401,69.85,639.0,555.22,272.75,40.243,241.0
1,0.0,0.0,0.0,0.0,2.0,0.0,1.0,1.0,0.0,0.0,0.0,2.0,0.0,1.0,0.0,0.0,0.0,0.0,1.0,1.0,0.0,0.0,0.0,0.0,1.0,1.0,0.0,0.0,0.0,0.0,0.0,1.0,0.0,0.0,0.6952449786,1.0,2.2818951096,55.9253206896,0.00870939094719,26.8437459921,-0.0772908522732,94.3798341163,-0.50506641742,9.789043368,0.0826565606469,11.035454019,0.0288788860248,15.7009134963,0.00964574422371,29.8835597712,-0.00611527487275,32.5025388675,0.205353359383,59.7590195921,-0.143002661849,0.742471722933,-0.00457073472195,21.3821778394,0.255649514027,-0.323287929509,0.0115544288127,29.5187027392,0.483205847416,68.28,1628.0,1066.0,479.78,53.692,489.0
0,2.0,0.0,0.0,0.0,2.0,2.0,1.0,0.0,0.0,0.0,0.0,1.0,0.0,0.0,0.0,0.0,0.0,2.0,1.0,0.0,0.0,0.0,0.0,0.0,0.0,0.0,0.0,0.0,0.0,0.0,0.0,2.0,0.0,2.0,3.2519739872,0.0,2.4323053077,59.0487368996,0.0113402956978,28.5128409001,-0.0732705699402,92.6649754437,-0.503486987433,9.38943590993,0.0835794989929,8.02507151264,0.016623384895,12.2579563174,0.00964574422371,29.8835590114,-0.00639908306257,33.0155478508,0.189092273355,59.3486822228,-0.14390842731,0.381443280497,-0.00457073472195,19.9001215558,0.133533471355,-0.323287929509,0.00688912022828,29.5187027392,0.693186302533,70.7,1086.0,848.14,422.39,63.603,271.0
1,0.0,0.0,0.0,0.0,1.0,0.0,1.0,1.0,0.0,1.0,0.0,0.0,2.0,0.0,0.0,2.0,0.0,1.0,1.0,0.0,0.0,0.0,0.0,0.0,0.0,1.0,0.0,0.0,0.0,0.0,0.0,1.0,0.0,0.0,0.6952449786,1.0,2.1813919398,59.0871507481,0.0109778061739,32.0014716395,-0.0649220965061,91.3890339462,-0.509922078352,9.6011874848,0.0807733879534,15.820872818,0.0456437402321,17.3342930592,0.00964574422371,29.8835609848,-0.00501932559219,41.6576634342,0.354153117078,64.0048765475,-0.0590159315517,0.259995014799,-0.00457073472195,16.7096222331,-0.0102830404698,-0.323287929509,0.00738545711883,29.5187027392,0.0675713471399,49.65,455.0,784.57,221.42,37.777,125.0
1,0.0,0.0,0.0,1.0,0.0,1.0,0.0,2.0,0.0,1.0,1.0,0.0,1.0,0.0,1.0,1.0,0.0,0.0,1.0,1.0,0.0,1.0,1.0,1.0,0.0,0.0,0.0,0.0,0.0,0.0,0.0,1.0,0.0,0.0,0.6952449786,1.0,2.7799408421,55.4752175384,0.00923905716311,28.4500181085,-0.0723986636627,92.2632155805,-0.501535075178,8.79912332561,0.0813011728838,10.9338587531,0.0278836351628,14.6233071254,0.00964574422371,29.883560202,-0.00468711708637,34.2338259285,0.220432986265,59.6335466512,-0.131111659287,0.344364311926,-0.00457073472195,18.3843473546,0.0396045898075,-0.323287929509,0.0070215944789,29.5187027392,0.282166434067,61.34,536.0,807.0,403.232,60.389,400.916
1,0.0,0.0,0.0,1.0,1.0,2.0,,1.0,0.0,1.0,1.0,2.0,0.0,1.0,0.0,0.0,0.0,0.0,1.0,1.0,0.0,0.0,0.0,1.0,0.0,1.0,0.0,1.0,0.0,0.0,0.0,1.0,0.0,0.0,0.6952449786,1.0,2.6247439261,56.4277713459,0.00975989675238,31.9673702846,-0.0632297838553,93.0802081269,-0.506907856857,8.7391816734,0.0793684411688,8.82836158195,0.0190659617494,12.2666206129,0.00964574422371,29.8835616405,-0.00365796200692,34.4381235083,0.218181646278,58.3016024863,-0.163838654986,0.391030214709,-0.00457073472195,18.443055043,0.0484442769286,-0.323287929509,0.00830730720799,29.5187027392,0.295636255071,62.49,679.0,487.03,382.65,58.775,350.0
1,2.0,0.0,0.0,1.0,0.0,1.0,0.0,1.0,0.0,1.0,0.0,2.0,1.0,0.0,0.0,1.0,0.0,1.0,1.0,1.0,0.0,1.0,1.0,0.0,0.0,0.0,0.0,0.0,0.0,0.0,0.0,2.0,0.0,2.0,3.2519739872,0.0,2.2857518603,58.3101120449,0.0106976276894,28.7683652465,-0.0726338469607,86.5528043294,-0.527492732918,8.57375546302,0.0784790190069,11.7282205262,0.0294410079634,17.1722410538,0.00964574422371,29.8835636866,-0.00250693521315,26.550281692,0.0743054234705,57.0254540877,-0.184857716228,0.340159641868,-0.00457073472195,17.7786300227,0.0200928884827,-0.323287929509,0.00817149646926,29.5187027392,0.43573065765,52.9,546.0,699.22,316.26,48.867,212.0
0,1.0,1.0,0.0,1.0,1.0,1.0,0.0,2.0,0.0,0.0,0.0,1.0,1.0,2.0,2.0,1.0,1.0,0.0,2.0,0.0,0.0,0.0,0.0,0.0,1.0,0.0,0.0,0.0,0.0,0.0,0.0,2.0,1.0,1.0,1.4923196558,0.0,2.3109690099,48.2255195584,0.00490413626149,25.1911905021,-0.0817619844242,84.1901946607,-0.537935260788,7.50078135633,0.0739310676347,6.79040195897,0.0102515385212,7.88574813971,0.00964574422371,29.8835456306,-0.0209069797963,29.5779744199,0.117652479825,57.8963989588,-0.173856551171,0.373927574966,-0.00457073472195,19.4723116866,0.107346334387,-0.323287929509,0.00710868270919,29.5187027392,0.273643928074,66.3,663.0,1154.0,474.79,67.933,771.069
1,1.0,1.0,0.0,1.0,2.0,2.0,2.0,1.0,0.0,0.0,0.0,0.0,0.0,0.0,1.0,0.0,1.0,0.0,1.0,1.0,0.0,0.0,0.0,0.0,0.0,1.0,0.0,0.0,0.0,0.0,0.0,1.0,1.0,1.0,1.4923196558,1.0,2.6814166638,58.6553206858,0.0116112699403,30.0883596124,-0.0655399052959,88.9839944901,-0.525631625234,9.6876183089,0.081146382739,15.0818089476,0.0461373014178,18.1635744475,0.00964574422371,29.8835581532,-0.00545814560248,40.5600665359,0.325949910134,64.5949043569,-0.0461755303464,0.790952593884,-0.00457073472195,20.5178510475,0.193767137061,-0.323287929509,0.00505893023111,29.5187027392,0.588079412877,70.2,454.0,366.65,122.13,19.295,125.0
1,0.0,0.0,0.0,0.0,1.0,0.0,2.0,1.0,0.0,0.0,0.0,0.0,0.0,0.0,2.0,0.0,1.0,0.0,1.0,1.0,0.0,0.0,0.0,0.0,0.0,1.0,0.0,0.0,0.0,0.0,0.0,2.0,0.0,0.0,0.6952449786,0.0,2.6460563294,59.1013998655,0.0113600306505,28.8544861071,-0.0716149126111,94.1365902291,-0.501392017644,10.6215549411,0.0877022583872,14.5768105262,0.0411355889366,16.8469456196,0.00964574422371,29.8835638388,-0.00082786357654,30.6786953149,0.136225852782,58.9273614842,-0.152988082366,0.366632128624,-0.00457073472195,20.492223852,0.180810747926,-0.323287929509,0.00642171187723,29.5187027392,0.62306612483,68.4,729.0,691.7,251.04,38.625,285.0
0,1.0,0.0,0.0,1.0,2.0,1.0,1.0,1.0,0.0,0.0,1.0,0.0,0.0,0.0,2.0,0.0,1.0,0.0,0.0,1.0,0.0,0.0,0.0,0.0,0.0,0.0,0.0,0.0,0.0,0.0,0.0,1.0,0.0,1.0,1.9137853432,1.0,2.9787644729,54.9399483605,0.00911452657189,23.2016452423,-0.0885237939452,79.5344629289,-0.557609485292,6.86772059088,0.0708576719674,14.243153497,0.0382024976145,16.1827293237,0.00964574422371,29.8835528811,-0.0125400372977,30.1035901369,0.129919288078,57.2339122065,-0.189496294474,0.332210750453,-0.00457073472195,18.7171082843,0.0675370792594,-0.323287929509,0.0300906249017,29.5187027392,0.772922681889,65.02,730.0,588.24,196.02,30.106,211.0
0,1.0,1.0,0.0,1.0,2.0,0.0,1.0,0.0,0.0,1.0,0.0,1.0,0.0,1.0,1.0,0.0,0.0,1.0,1.0,0.0,0.0,0.0,0.0,0.0,0.0,0.0,0.0,0.0,0.0,0.0,0.0,0.0,1.0,1.0,1.4923196558,2.0,2.6892861751,58.7974820323,0.0107713651281,27.3331128021,-0.0784168380224,83.2616399813,-0.540125890172,7.12109540403,0.0719845608788,12.918066666,0.0317577313896,16.6857253037,0.00964574422371,29.8835657865,5.92174660574e-05,36.1634078014,0.222542156085,61.8106066894,-0.114334778444,0.315002772794,-0.00457073472195,19.7554011433,0.140189902827,-0.323287929509,0.00647181692088,29.5187027392,0.42266799788,62.62,476.0,776.12,385.47,60.183,433.0
0,1.0,0.0,0.0,0.0,2.0,1.0,0.0,0.0,0.0,,0.0,0.0,0.0,0.0,0.0,0.0,1.0,1.0,1.0,2.0,0.0,1.0,1.0,1.0,0.0,1.0,0.0,0.0,0.0,0.0,0.0,1.0,0.0,1.0,1.9137853432,1.0,2.2586791005,54.7683442317,0.00898907148501,24.9126837884,-0.0820119520192,96.8226673856,-0.498227033679,9.92443745391,0.0831762469386,13.7868819392,0.0358910857437,16.3115016296,0.00964574422371,29.8835616608,-0.00422901750003,32.3289685059,0.177277381316,59.6888057614,-0.13768553637,0.375519547537,-0.00457073472195,17.7630593721,0.0189361568121,-0.323287929509,0.00885246382025,29.5187027392,0.551321672438,52.27,594.0,1002.0,442.0,47.0,507.079
1,1.0,0.0,1.0,2.0,2.0,0.0,0.0,2.0,0.0,0.0,1.0,1.0,2.0,1.0,0.0,0.0,0.0,1.0,1.0,1.0,0.0,0.0,0.0,1.0,0.0,0.0,0.0,0.0,0.0,0.0,0.0,1.0,0.0,1.0,1.9137853432,1.0,3.0655163391,59.1209065972,0.0110399245592,32.2136037762,-0.0648225368604,84.0773809574,-0.535053518834,7.25305066705,0.0741375764378,12.6296510287,0.0319740476605,19.656795136,0.00964574422371,29.8835616495,-0.00445104698958,38.7321534328,0.286472501253,63.6976411586,-0.0747225662918,0.36994163736,-0.00457073472195,18.633958432,0.0673542272201,-0.323287929509,0.00904460244986,29.5187027392,0.283824548519,51.61,1256.0,871.11,307.48,49.011,210.0
0,0.0,0.0,0.0,1.0,0.0,0.0,0.0,0.0,0.0,1.0,0.0,1.0,0.0,1.0,1.0,1.0,1.0,0.0,1.0,0.0,0.0,0.0,0.0,0.0,0.0,0.0,0.0,0.0,0.0,0.0,0.0,1.0,0.0,0.0,0.6952449786,1.0,2.3075801619,58.2553652719,0.0108560756865,28.2646691584,-0.0733542242227,93.2219397385,-0.506545135662,9.05106676708,0.0803325997627,13.0447039346,0.0335856644249,14.3408476701,0.00964574422371,29.8835635122,-0.00220525198963,38.0878821233,0.290301379717,63.1989203767,-0.0696218748938,0.35217158527,-0.00457073472195,19.4931730663,0.104789991342,-0.323287929509,0.00778021269715,29.5187027392,0.310931941032,57.5,513.0,411.74,249.1,36.945,426.0
0,0.0,0.0,0.0,1.0,1.0,1.0,2.0,0.0,0.0,1.0,1.0,1.0,0.0,1.0,0.0,1.0,0.0,0.0,2.0,0.0,0.0,1.0,1.0,0.0,0.0,0.0,0.0,0.0,0.0,0.0,0.0,1.0,0.0,0.0,0.6952449786,1.0,2.2066099946,58.1807585533,0.0106926609779,28.8067739784,-0.0722799228514,89.4229186384,-0.519560926302,8.26455214403,0.0774721484758,9.45513238394,0.0217175449302,12.9563911669,0.00964574422371,29.8835616582,-0.00391061869631,34.4085623497,0.216143357986,57.2764307233,-0.180836935295,0.383932740962,-0.00457073472195,17.8129719711,0.0151985105762,-0.323287929509,0.00855781663365,29.5187027392,0.454989458001,59.14,921.0,457.1,602.0,79.919,595.0
0,0.0,0.0,0.0,1.0,0.0,1.0,0.0,1.0,0.0,0.0,1.0,2.0,0.0,2.0,0.0,1.0,0.0,0.0,1.0,0.0,1.0,0.0,0.0,0.0,0.0,1.0,0.0,0.0,0.0,0.0,0.0,0.0,0.0,0.0,0.6952449786,2.0,1.8057628323,59.0967419089,0.0112909402922,31.7575503802,-0.0634492737314,87.2257849817,-0.530251931614,7.94899411561,0.0754573040858,14.8567093128,0.0416866428415,17.8830203878,0.00964574422371,29.8835632297,-0.001815872224,29.6372457108,0.133858526544,64.8945387183,-0.0352237602348,0.37032794758,-0.00457073472195,18.4021111415,0.0360394974175,-0.323287929509,0.00721576565246,29.5187027392,0.24018341413,66.47,852.0,879.15,356.01,51.996,308.0
1,0.0,0.0,0.0,1.0,0.0,1.0,0.0,1.0,0.0,0.0,2.0,1.0,0.0,1.0,1.0,0.0,1.0,0.0,1.0,1.0,1.0,1.0,1.0,0.0,0.0,1.0,0.0,1.0,0.0,0.0,0.0,0.0,0.0,0.0,0.6952449786,2.0,2.4911516037,58.6131258861,0.0109827414655,31.5224081845,-0.06346921576,80.8584619568,-0.550942789171,6.66829231502,0.0708923546495,8.47883473454,0.0160441461932,14.2627050454,0.00964574422371,29.8835586537,-0.00628834502279,34.2170892699,0.228266555334,59.1341135481,-0.14907132507,0.667387140682,-0.00457073472195,19.2938205053,0.10224073798,-0.323287929509,0.00696275541205,29.5187027392,0.377670760293,69.64,1051.0,440.42,401.48,58.976,426.0
0,0.0,0.0,0.0,1.0,0.0,1.0,2.0,0.0,0.0,0.0,1.0,0.0,1.0,0.0,0.0,0.0,0.0,0.0,1.0,1.0,0.0,0.0,0.0,0.0,0.0,1.0,0.0,0.0,0.0,0.0,0.0,1.0,0.0,0.0,0.6952449786,1.0,2.2358801411,59.0291936925,0.0111583130848,24.6153041699,-0.0834671356207,74.9580247258,-0.566217484517,5.46030344788,0.0668279271366,8.24729223903,0.0173868154382,12.2836880009,0.00964574422371,29.8835544039,-0.0108259124805,31.5887617877,0.161077377168,57.7450562481,-0.173044039742,0.386100898738,-0.00457073472195,19.6745870158,0.123044310533,-0.323287929509,0.00848136318443,29.5187027392,0.600898146143,60.13,476.0,635.81,168.21,24.375,164.0
0,0.0,0.0,0.0,0.0,2.0,2.0,1.0,1.0,0.0,1.0,1.0,0.0,0.0,1.0,0.0,1.0,0.0,0.0,0.0,1.0,0.0,0.0,0.0,0.0,0.0,1.0,0.0,1.0,0.0,0.0,0.0,2.0,0.0,0.0,0.6952449786,0.0,2.3059904192,57.2790447801,0.0102424129785,24.4989712529,-0.0847355975393,83.5564153178,-0.541290917857,7.53901467597,0.0741272187496,8.7412155788,0.0192905202304,10.6878573051,0.00964574422371,29.8835585466,-0.00647173776237,31.8539421957,0.160409432305,55.354085206,-0.223718914656,0.371936572272,-0.00457073472195,21.0021021472,0.212547698386,-0.323287929509,0.00716785581359,29.5187027392,0.914807227338,66.78,1117.0,839.96,199.04,36.666,244.0
1,0.0,0.0,0.0,1.0,0.0,2.0,1.0,0.0,0.0,1.0,0.0,1.0,1.0,1.0,1.0,0.0,0.0,0.0,1.0,0.0,0.0,1.0,1.0,0.0,0.0,0.0,0.0,0.0,0.0,0.0,0.0,2.0,0.0,0.0,0.6952449786,0.0,2.384465425,54.6116110396,0.0088267433654,28.6572173843,-0.0727571956989,81.1554012709,-0.546419941171,6.78697140136,0.0719442735697,11.2567786726,0.0283683787797,13.5394028549,0.00964574422371,29.8835634993,-0.00218515838347,37.4964977225,0.26730782648,58.7717353684,-0.149080896859,0.353028639409,-0.00457073472195,20.7634545942,0.187557768677,-0.323287929509,0.00775283647514,29.5187027392,0.642140464811,60.07,513.0,748.09,221.07,38.53,209.0
1,0.0,0.0,0.0,0.0,1.0,2.0,1.0,0.0,0.0,1.0,0.0,0.0,0.0,1.0,0.0,0.0,0.0,1.0,1.0,0.0,0.0,0.0,0.0,2.0,0.0,2.0,0.0,0.0,0.0,0.0,0.0,1.0,0.0,0.0,0.6952449786,1.0,2.4845430069,57.2474115518,0.0102290841899,23.2180919393,-0.0885202976417,83.0523990852,-0.541761432288,7.18871306121,0.0729663919553,6.48093931613,0.00939407511766,8.9133067174,0.00964574422371,29.8835484508,-0.0174998354071,26.4077193943,0.0441314784989,55.5307755275,-0.221790991435,0.398924532768,-0.00457073472195,19.3997812152,0.107522600917,-0.323287929509,0.0251821270744,29.5187027392,2.03382807028,69.62,1652.0,743.25,337.87,51.803,125.0
0,0.0,0.0,0.0,1.0,0.0,0.0,0.0,0.0,0.0,0.0,0.0,0.0,0.0,1.0,0.0,0.0,1.0,0.0,1.0,0.0,0.0,1.0,1.0,0.0,0.0,0.0,0.0,0.0,0.0,0.0,0.0,2.0,0.0,0.0,0.6952449786,0.0,2.4356635647,58.6837002889,0.0110542181563,26.6636228495,-0.0780895196378,86.880586919,-0.526327498851,7.39856523706,0.0740930907854,10.5286069538,0.0255396045341,15.1175550272,0.00964574422371,29.8835633958,-0.0020330116548,31.3153498448,0.150534591412,59.5097938965,-0.142136815377,0.359779588939,-0.00457073472195,20.1698337241,0.150582387084,-0.323287929509,0.0117326648082,29.5187027392,1.15222628902,63.08,549.0,693.06,229.88,41.332,311.0
1,0.0,0.0,0.0,0.0,1.0,1.0,1.0,0.0,0.0,1.0,1.0,1.0,1.0,1.0,1.0,0.0,0.0,0.0,1.0,0.0,0.0,1.0,1.0,0.0,0.0,1.0,0.0,0.0,0.0,0.0,0.0,0.0,0.0,0.0,0.6952449786,2.0,2.3361458006,58.2617822433,0.0108552654659,31.4738788478,-0.0655258933114,94.5327153865,-0.501851333541,9.45374902522,0.0820488737626,13.0308540461,0.0342209990846,15.5440745192,0.00964574422371,29.8835477976,-0.0170617786539,33.2361086712,0.196733813404,60.1274800924,-0.130217414355,0.63899887049,-0.00457073472195,18.8011333888,0.0779299797781,-0.323287929509,0.0161033067637,29.5187027392,0.39345020391,58.96,439.0,751.95,212.79,37.931,162.0
